team,year,name,age,position,games,games_started,minutes_played_per_game,field_goals_per_game,field_goal_attempts_per_game,field_goal_percentage,three_point_field_goals_per_game,three_point_field_goal_attempts_per_game,three_point_field_goal_percentage,two_point_field_goals_per_game,two_point_field_goal_attempts_per_game,two_point_field_goal_percentage,effective_field_goal_percentage,free_throws_per_game,free_throw_attempts_per_game,free_throw_percentage,offensive_rebounds_per_game,defensive_rebounds_per_game,total_rebounds_per_game,assists_per_game,steals_per_game,blocks_per_game,turnovers_per_game,personal_fouls_per_game,points_per_game,awards,position_post,games_post,games_started_post,minutes_played_per_game_post,field_goals_per_game_post,field_goal_attempts_per_game_post,field_goal_percentage_post,three_point_field_goals_per_game_post,three_point_field_goal_attempts_per_game_post,three_point_field_goal_percentage_post,two_point_field_goals_per_game_post,two_point_field_goal_attempts_per_game_post,two_point_field_goal_percentage_post,effective_field_goal_percentage_post,free_throws_per_game_post,free_throw_attempts_per_game_post,free_throw_percentage_post,offensive_rebounds_per_game_post,defensive_rebounds_per_game_post,total_rebounds_per_game_post,assists_per_game_post,steals_per_game_post,blocks_per_game_post,turnovers_per_game_post,personal_fouls_per_game_post,points_per_game_post,awards_post,pg%,sg%,pf%,c%,on_court_+/-,on-off_+/-,bad_pass_TO,lost_ball_TO,shooting_fouls,offensive_fouls,shooting_fouls_drawn,offensive_fouls_drawn,points generated by assists,and1s,pg%_post,sg%_post,sf%_post,pf%_post,c%_post,on_court_+/-_post,on-off_+/-_post,bad_pass_to_post,lost_ball_to_post,shooting_fouls_post,offensive_fouls_post,shooting_fouls_drawn_post,offensive_fouls_drawn_post,points_generated_by_assists_post,and1s_post
BOS,2022,Jayson Tatum,23,SF,76,76,35.9,9.3,20.6,.453,3.0,8.6,.353,6.3,12.0,.524,.526,5.3,6.2,.853,1.1,6.9,8.0,4.4,1.0,0.6,2.9,2.3,26.9,"MVP-6,AS,NBA1",SF,24,24,41.0,8.4,19.7,.426,3.2,8.2,.393,5.2,11.5,.449,.507,5.7,7.1,.800,1.0,5.7,6.7,6.2,1.2,0.9,4.2,3.0,25.6,,0,67,32,0,12.1,13.8,99,71,67,33,188,11,833,41,0,0,78,21,0,4.6,5.4,39,38,15,19,74,5,379,15
BOS,2022,Jaylen Brown,25,SF,66,66,33.6,8.7,18.4,.473,2.5,7.0,.358,6.2,11.4,.544,.541,3.7,4.8,.758,0.8,5.3,6.1,3.5,1.1,0.3,2.7,2.5,23.6,,SF,24,24,38.3,8.2,17.5,.470,2.5,6.7,.373,5.7,10.8,.531,.542,4.2,5.5,.763,1.4,5.5,6.9,3.5,1.1,0.4,3.1,3.0,23.1,,0,47,8,0,10.1,5.4,74,66,68,18,151,13,566,37,0,66,34,0,0,3.5,-1.5,25,33,25,9,55,7,213,14
BOS,2022,Marcus Smart,27,PG,71,71,32.3,4.2,10.1,.418,1.7,5.1,.331,2.5,5.0,.506,.501,2.0,2.5,.793,0.6,3.2,3.8,5.9,1.7,0.3,2.2,2.3,12.1,DPOY-1,PG,21,21,36.2,5.4,13.3,.405,2.3,6.5,.350,3.1,6.8,.458,.491,2.4,3.0,.806,1.0,3.6,4.5,5.9,1.2,0.2,2.5,3.4,15.4,,63,0,0,0,9.7,4.7,108,33,62,12,69,46,977,19,91,9,0,0,0,2.2,-5.0,32,11,23,7,21,18,297,3
BOS,2022,Robert Williams,24,C,61,61,29.6,4.4,6.0,.736,0.0,0.0,.000,4.4,6.0,.738,.736,1.1,1.5,.722,3.9,5.7,9.6,2.0,0.9,2.2,1.0,2.2,10.0,DPOY-7,C,17,15,23.2,3.1,4.6,.679,0.0,0.1,.000,3.1,4.5,.688,.679,1.5,1.6,.893,2.5,3.6,6.2,1.0,0.7,2.2,0.6,2.0,7.7,,0,0,42,58,9.9,4.0,31,12,91,8,45,1,302,14,0,0,0,54,47,7.5,5.5,3,2,22,2,12,1,40,2
BOS,2022,Dennis Schröder,28,PG,49,25,29.2,5.2,11.9,.440,1.4,3.9,.349,3.9,8.0,.485,.497,2.5,3.0,.848,0.6,2.8,3.3,4.2,0.8,0.1,2.1,2.4,14.4,,,,,,,,,,,,,,,,,,,,,,,,,,,,,96,0,0,0,1.7,-9.4,61,26,31,14,60,18,508,16,,,,,,,,,,,,,,,
BOS,2022,Al Horford,35,C,69,69,29.1,3.9,8.2,.467,1.3,3.8,.336,2.6,4.4,.582,.546,1.2,1.4,.842,1.6,6.1,7.7,3.4,0.7,1.3,0.9,1.9,10.2,DPOY-9,C,23,23,35.4,4.4,8.4,.523,2.0,4.3,.480,2.3,4.1,.568,.645,1.2,1.6,.778,1.5,7.8,9.3,3.3,0.8,1.3,1.3,2.8,12.0,,0,0,1,99,9.4,3.3,37,13,72,8,44,0,544,13,0,0,0,0,100,5.4,5.1,15,5,37,6,19,2,191,8
BOS,2022,Derrick White,27,SG,26,4,27.4,3.6,8.8,.409,1.3,4.3,.306,2.3,4.6,.504,.483,2.5,2.9,.853,0.5,2.9,3.4,3.5,0.6,0.6,1.2,2.2,11.0,,SG,23,3,25.4,2.8,7.7,.364,1.1,3.6,.313,1.7,4.0,.409,.438,1.8,2.2,.824,0.3,2.7,3.0,2.7,0.9,0.6,1.3,2.0,8.5,,13,1,0,0,12.3,5.6,18,9,30,1,39,14,219,11,22,75,3,0,0,2.1,-3.7,14,7,19,3,21,10,141,5
BOS,2022,Josh Richardson,28,SG,44,0,24.7,3.5,7.8,.443,1.4,3.5,.397,2.0,4.3,.481,.534,1.4,1.6,.859,0.6,2.3,2.8,1.5,0.8,0.5,0.9,1.9,9.7,,,,,,,,,,,,,,,,,,,,,,,,,,,,,1,16,0,0,3.1,-6.3,19,9,39,3,25,6,166,3,,,,,,,,,,,,,,,
BOS,2022,Grant Williams,23,PF,77,21,24.4,2.7,5.6,.475,1.4,3.4,.411,1.3,2.3,.569,.597,1.1,1.2,.905,0.8,2.7,3.6,1.0,0.5,0.7,0.8,2.4,7.8,,PF,24,5,27.3,2.7,6.3,.433,1.5,3.7,.393,1.3,2.5,.492,.550,1.8,2.2,.808,1.0,2.8,3.8,0.8,0.3,0.8,0.8,3.5,8.6,,0,3,94,3,4.5,-6.0,28,17,91,10,41,22,196,14,0,0,2,98,1,1.6,-5.3,5,5,31,7,16,10,49,3
BOS,2022,Daniel Theis,29,C,21,6,18.7,3.2,5.3,.598,0.5,1.3,.357,2.7,4.0,.679,.643,1.0,1.5,.688,1.3,3.4,4.7,1.0,0.4,0.7,0.7,2.3,7.9,,C,16,5,12.5,1.9,3.2,.588,0.2,0.9,.214,1.7,2.3,.730,.618,0.4,0.5,.750,0.8,2.4,3.3,0.7,0.3,0.5,0.7,1.6,4.3,,0,0,32,68,18.0,11.4,5,4,37,5,18,3,53,6,0,0,0,36,64,-7.6,-14.0,5,3,13,3,2,1,29,0
BOS,2022,Romeo Langford,22,SG,44,5,16.5,1.8,4.2,.429,0.7,1.9,.349,1.1,2.3,.495,.508,0.5,0.8,.588,0.7,1.7,2.4,0.4,0.5,0.4,0.4,1.0,4.7,,,,,,,,,,,,,,,,,,,,,,,,,,,,,3,52,2,0,1.3,-7.8,9,3,27,1,17,3,49,6,,,,,,,,,,,,,,,
BOS,2022,Payton Pritchard,24,PG,71,2,14.1,2.3,5.3,.429,1.4,3.5,.412,0.8,1.8,.461,.564,0.3,0.3,1.000,0.5,1.4,1.9,2.0,0.4,0.1,0.6,0.9,6.2,,PG,24,0,12.9,1.8,4.3,.422,1.0,3.0,.333,0.8,1.3,.633,.539,0.2,0.3,.667,0.4,1.5,1.9,1.6,0.3,0.1,0.4,1.0,4.8,,100,0,0,0,3.5,-5.6,22,9,20,2,6,3,353,2,100,0,0,0,0,10.2,8.6,6,1,10,0,2,1,88,0
BOS,2022,Enes Freedom,29,C,35,1,11.7,1.5,2.8,.526,0.1,0.1,.400,1.4,2.6,.533,.536,0.7,0.8,.857,1.7,2.8,4.6,0.2,0.1,0.4,0.6,1.2,3.7,,,,,,,,,,,,,,,,,,,,,,,,,,,,,0,0,0,100,8.9,1.4,3,9,29,4,15,1,19,5,,,,,,,,,,,,,,,
BOS,2022,Aaron Nesmith,22,SF,52,3,11.0,1.4,3.5,.396,0.6,2.2,.270,0.8,1.3,.612,.481,0.4,0.5,.808,0.3,1.4,1.7,0.4,0.4,0.1,0.6,1.3,3.8,,SF,15,0,3.5,0.3,1.1,.235,0.1,0.7,.091,0.2,0.4,.500,.265,0.2,0.3,.750,0.3,0.7,1.0,0.2,0.1,0.3,0.1,0.4,0.8,,1,63,7,0,4.5,-3.8,17,5,39,3,15,6,53,7,0,68,33,0,0,0.8,-3.1,1,0,4,0,0,0,6,0
BOS,2022,Jabari Parker,26,PF,12,0,9.3,1.5,3.2,.474,0.7,1.3,.500,0.8,1.8,.455,.579,0.8,0.8,1.000,0.4,1.9,2.3,0.5,0.3,0.1,0.7,1.1,4.4,,,,,,,,,,,,,,,,,,,,,,,,,,,,,0,0,28,72,-1.2,-9.2,5,2,10,1,3,0,13,1,,,,,,,,,,,,,,,
BOS,2022,Luke Kornet,26,C,12,0,7.1,1.0,1.8,.571,0.0,0.3,.000,1.0,1.4,.706,.571,0.2,0.3,.667,0.8,1.3,2.1,0.7,0.3,0.2,0.0,0.6,2.2,,C,9,0,2.1,0.3,0.4,.750,0.1,0.1,1.000,0.2,0.3,.667,.875,0.0,0.0,,0.1,0.4,0.6,0.1,0.0,0.0,0.1,0.1,0.8,,0,0,0,100,3.3,-4.5,0,0,7,0,2,0,20,1,0,0,0,0,100,11.0,7.2,1,0,1,0,0,0,2,0
BOS,2022,Sam Hauser,24,SF,26,0,6.1,0.9,1.9,.460,0.7,1.7,.432,0.2,0.2,.667,.650,0.0,0.0,,0.2,0.9,1.1,0.4,0.0,0.1,0.1,0.3,2.5,,SF,7,0,2.1,0.1,0.6,.250,0.1,0.4,.333,0.0,0.1,.000,.375,0.3,0.3,1.000,0.0,0.1,0.1,0.3,0.0,0.0,0.0,0.0,0.7,,0,57,41,0,2.6,-5.3,1,0,2,0,0,0,24,0,0,0,100,1,0,34.3,30.8,0,0,0,0,1,0,6,0
BOS,2022,Juancho Hernangómez,26,PF,18,0,5.3,0.3,1.5,.185,0.2,1.0,.167,0.1,0.5,.222,.241,0.3,0.5,.667,0.5,0.9,1.4,0.2,0.2,0.1,0.3,0.4,1.1,,,,,,,,,,,,,,,,,,,,,,,,,,,,,0,12,84,5,-17.4,-25.7,3,2,3,1,5,0,8,1,,,,,,,,,,,,,,,
BOS,2022,Matt Ryan,24,SF,1,0,5.0,1.0,5.0,.200,1.0,5.0,.200,0.0,0.0,,.300,0.0,0.0,,0.0,0.0,0.0,0.0,1.0,0.0,0.0,0.0,3.0,,,,,,,,,,,,,,,,,,,,,,,,,,,,,0,48,0,0,35.6,27.9,0,0,0,0,0,0,0,0,,,,,,,,,,,,,,,
BOS,2022,Brodric Thomas,25,SG,12,0,5.0,0.7,1.5,.444,0.2,0.8,.222,0.5,0.8,.667,.500,0.3,0.4,.600,0.2,0.7,0.8,0.9,0.1,0.1,0.5,0.6,1.8,,,,,,,,,,,,,,,,,,,,,,,,,,,,,59,0,0,0,2.9,-4.9,3,3,4,0,3,0,26,1,,,,,,,,,,,,,,,
BOS,2022,Juwan Morgan,24,PF,1,0,4.0,0.0,0.0,,0.0,0.0,,0.0,0.0,,,0.0,0.0,,0.0,0.0,0.0,0.0,0.0,0.0,0.0,0.0,0.0,,PF,9,0,1.7,0.0,0.1,.000,0.0,0.1,.000,0.0,0.0,,.000,0.1,0.2,.500,0.2,0.1,0.3,0.0,0.0,0.0,0.0,0.1,0.1,,0,100,0,0,97.6,90.0,0,0,0,0,0,0,0,0,0,0,65,35,0,-11.4,-15.4,0,0,1,0,1,0,0,0
BOS,2022,Malik Fitts,24,PF,8,0,3.5,0.8,1.3,.600,0.4,0.8,.500,0.4,0.5,.750,.750,0.0,0.0,,0.3,0.6,0.9,0.6,0.0,0.0,0.0,0.1,1.9,,PF,9,0,1.8,0.3,0.4,.750,0.2,0.2,1.000,0.1,0.2,.500,1.000,0.0,0.0,,0.0,0.2,0.2,0.0,0.0,0.0,0.0,0.0,0.9,,0,0,94,6,19.8,12.1,0,0,1,0,0,0,13,0,0,0,0,83,18,35.7,32.2,0,0,0,0,0,0,0,0
BOS,2022,Bruno Fernando,23,C,20,0,2.9,0.4,0.7,.500,0.1,0.1,1.000,0.3,0.7,.462,.536,0.2,0.3,.800,0.4,0.4,0.8,0.2,0.0,0.2,0.3,0.3,1.0,,,,,,,,,,,,,,,,,,,,,,,,,,,,,0,0,12,88,-18.8,-26.9,0,1,2,2,2,0,10,1,,,,,,,,,,,,,,,
BOS,2022,Nik Stauskas,28,SG,6,0,2.5,0.3,1.0,.333,0.3,1.0,.333,0.0,0.0,,.500,0.2,0.3,.500,0.0,0.0,0.0,0.2,0.0,0.0,0.2,0.0,1.2,,SG,13,0,1.8,0.2,0.9,.250,0.2,0.8,.300,0.0,0.2,.000,.375,0.3,0.3,1.000,0.0,0.3,0.3,0.3,0.0,0.0,0.0,0.0,1.0,,0,16,0,0,18.9,11.2,0,1,0,0,1,0,2,0,86,14,0,0,0,26.2,22.8,0,0,0,0,1,0,10,0
BOS,2022,C.J. Miles,34,SG,1,0,2.0,0.0,0.0,,0.0,0.0,,0.0,0.0,,,0.0,0.0,,0.0,0.0,0.0,0.0,0.0,0.0,0.0,1.0,0.0,,,,,,,,,,,,,,,,,,,,,,,,,,,,,0,0,0,0,-125.0,-132.8,0,0,1,0,0,0,0,0,,,,,,,,,,,,,,,
BOS,2022,Kelan Martin,26,SF,3,0,2.0,0.0,1.0,.000,0.0,0.3,.000,0.0,0.7,.000,.000,0.0,0.0,,0.3,0.3,0.7,0.0,0.0,0.0,0.0,0.0,0.0,,,,,,,,,,,,,,,,,,,,,,,,,,,,,0,49,0,0,-64.6,-72.4,0,0,0,0,0,0,0,0,,,,,,,,,,,,,,,
BOS,2022,Joe Johnson,40,SG,1,0,2.0,1.0,1.0,1.000,0.0,0.0,,1.0,1.0,1.000,1.000,0.0,0.0,,0.0,0.0,0.0,0.0,0.0,0.0,0.0,0.0,2.0,,,,,,,,,,,,,,,,,,,,,,,,,,,,,0,100,0,0,-125.0,-132.8,0,0,0,0,0,0,0,0,,,,,,,,,,,,,,,
BOS,2022,Justin Jackson,26,SF,1,0,2.0,0.0,1.0,.000,0.0,0.0,,0.0,1.0,.000,.000,2.0,2.0,1.000,0.0,0.0,0.0,0.0,0.0,0.0,0.0,0.0,2.0,,,,,,,,,,,,,,,,,,,,,,,,,,,,,0,0,100,0,-125.0,-132.8,0,0,0,0,0,0,0,0,,,,,,,,,,,,,,,
BOS,2022,Team Totals,,,82,82,242.7,40.7,87.4,.466,13.2,37.1,.356,27.5,50.3,.547,.542,17.0,20.9,.816,10.5,35.5,46.1,24.8,7.2,5.8,13.6,18.5,111.8,,,24,24,240.0,36.7,81.8,.449,13.7,36.6,.373,23.0,45.1,.511,.533,18.5,23.2,.797,9.0,33.9,42.9,24.5,6.4,6.3,14.7,20.7,105.5,,20,20,20,20,7.7,1.6,543,295,733,126,749,147,4954,199,20,20,20,20,20,3.9,0.3,146,105,201,56,225,55,1451,50
BRK,2023,Kyrie Irving,30,PG,40,40,37.0,10.0,20.5,.486,3.3,8.7,.374,6.7,11.8,.569,.565,4.0,4.5,.883,1.0,4.2,5.1,5.3,1.0,0.8,2.3,2.7,27.1,"CPOY-12,AS",,,,,,,,,,,,,,,,,,,,,,,,,,,,89,0,0,0,4.4,5.0,49,26,55,7,74,12,498,24,,,,,,,,,,,,,,,
BRK,2023,Kevin Durant,34,PF,39,39,36.0,10.5,18.8,.559,1.8,4.8,.376,8.7,14.0,.622,.607,6.8,7.3,.934,0.4,6.4,6.7,5.3,0.8,1.5,3.5,2.4,29.7,AS,,,,,,,,,,,,,,,,,,,,,,,,,,,,0,0,65,35,6.7,8.5,78,39,48,11,120,6,490,44,,,,,,,,,,,,,,,
BRK,2023,Spencer Dinwiddie,29,PG,26,26,35.3,5.5,13.7,.404,1.7,5.7,.289,3.9,8.0,.488,.465,3.8,4.7,.797,0.3,3.8,4.1,9.1,1.1,0.3,2.1,2.4,16.5,,PG,4,4,39.8,5.5,12.8,.431,1.8,4.5,.389,3.8,8.3,.455,.500,3.8,5.5,.682,0.3,3.0,3.3,6.5,1.3,0.3,3.0,1.8,16.5,,98,0,0,0,4.3,4.0,33,12,28,5,60,8,584,17,99,1,0,0,0,-12.0,11.5,8,4,5,0,12,0,62,2
BRK,2023,RaiQuan Gray,23,PF,1,0,35.0,6.0,12.0,.500,2.0,5.0,.400,4.0,7.0,.571,.583,2.0,2.0,1.000,3.0,6.0,9.0,7.0,0.0,1.0,4.0,5.0,16.0,,,,,,,,,,,,,,,,,,,,,,,,,,,,,0,0,35,65,-19.4,-20.9,2,1,3,0,1,0,16,0,,,,,,,,,,,,,,,
BRK,2023,Mikal Bridges,26,SG,27,27,34.2,8.9,18.6,.475,2.5,6.7,.376,6.3,11.9,.531,.543,5.9,6.6,.894,0.9,3.6,4.5,2.7,1.0,0.6,1.8,1.6,26.1,,SG,4,4,39.3,8.3,19.3,.429,2.5,6.3,.400,5.8,13.0,.442,.494,4.5,5.8,.783,0.5,4.8,5.3,4.0,0.5,0.5,2.0,1.3,23.5,,2,17,1,0,0.8,-0.6,27,16,27,1,77,4,172,20,5,77,19,0,0,-16.2,-13.1,6,1,2,0,11,1,42,2
BRK,2023,Royce O'Neale,29,SF,76,53,31.7,3.0,7.8,.386,2.1,5.5,.389,0.9,2.3,.379,.524,0.7,0.9,.725,0.7,4.3,5.1,3.7,0.9,0.6,1.5,3.1,8.8,,SF,4,0,29.5,1.8,7.3,.241,1.0,5.5,.182,0.8,1.8,.429,.310,0.5,0.5,1.000,1.0,3.3,4.3,3.5,1.3,0.3,1.0,2.8,5.0,,0,61,15,0,2.6,3.5,71,19,139,13,30,25,690,5,0,11,70,19,0,-20.0,-15.6,2,1,3,0,0,3,34,0
BRK,2023,Cameron Johnson,26,PF,25,25,30.8,5.6,12.0,.468,2.3,6.2,.372,3.3,5.8,.572,.565,3.0,3.5,.851,0.8,4.0,4.8,2.1,1.4,0.3,1.1,2.2,16.6,,PF,4,4,38.0,7.0,13.8,.509,3.0,7.0,.429,4.0,6.8,.593,.618,1.5,1.8,.857,0.8,5.0,5.8,2.8,0.8,0.3,1.3,2.5,18.5,,0,0,82,18,4.2,3.7,12,11,28,3,37,7,127,11,0,0,0,69,31,-13.9,-0.2,3,1,4,1,4,1,25,2
BRK,2023,Nic Claxton,23,C,76,76,29.9,5.4,7.7,.705,0.0,0.0,.000,5.4,7.7,.708,.705,1.8,3.2,.541,2.4,6.8,9.2,1.9,0.9,2.5,1.3,2.8,12.6,DPOY-9,C,4,4,29.3,4.5,6.3,.720,0.0,0.0,,4.5,6.3,.720,.720,1.5,2.5,.600,1.3,6.8,8.0,1.5,0.3,1.8,0.8,2.0,10.5,,0,0,0,100,5.2,9.1,21,21,105,31,119,14,350,35,0,0,0,1,99,-9.5,11.3,1,1,2,1,5,1,14,3
BRK,2023,Dorian Finney-Smith,29,PF,26,26,27.7,2.6,7.3,.351,1.4,4.7,.306,1.2,2.7,.429,.448,0.6,0.7,.789,1.8,3.1,4.9,1.6,0.7,0.6,1.0,2.5,7.2,,PF,4,4,25.3,2.3,5.8,.391,1.8,4.3,.412,0.5,1.5,.333,.543,0.0,0.0,,1.5,3.0,4.5,0.8,0.8,0.5,1.3,1.8,6.3,,0,52,37,12,-0.3,-1.9,15,4,43,2,10,1,98,3,0,0,60,33,7,-5.7,17.0,2,2,4,0,0,0,7,0
BRK,2023,Ben Simmons,26,PG,42,33,26.3,3.2,5.6,.566,0.0,0.0,.000,3.2,5.5,.571,.566,0.6,1.4,.439,1.0,5.3,6.3,6.1,1.3,0.6,2.3,3.3,6.9,,,,,,,,,,,,,,,,,,,,,,,,,,,,,25,4,0,0,2.6,1.8,48,16,55,24,22,8,630,8,,,,,,,,,,,,,,,
BRK,2023,Joe Harris,31,SF,74,33,20.6,2.7,5.9,.457,1.9,4.5,.426,0.8,1.4,.551,.618,0.2,0.4,.643,0.3,1.9,2.2,1.4,0.5,0.2,0.6,1.9,7.6,,SF,4,0,11.0,0.5,3.3,.154,0.3,3.0,.083,0.3,0.3,1.000,.192,0.5,0.5,1.000,0.0,1.3,1.3,0.0,0.5,0.0,0.8,1.3,1.8,,0,48,42,6,-1.9,-5.1,26,3,76,7,11,4,242,3,0,0,34,59,7,6.3,25.8,1,1,1,1,0,0,0,0
BRK,2023,Seth Curry,32,SG,61,7,19.9,3.4,7.4,.463,1.5,3.8,.405,1.9,3.6,.525,.568,0.8,0.9,.927,0.2,1.4,1.6,1.6,0.6,0.1,0.8,1.6,9.2,,SG,3,0,19.3,3.3,6.3,.526,1.0,3.0,.333,2.3,3.3,.700,.605,0.7,1.0,.667,0.0,1.0,1.0,2.0,0.0,0.0,0.3,0.7,8.3,,35,17,0,0,-3.9,-7.4,24,9,33,7,17,12,244,8,19,81,0,0,0,-18.7,-7.0,1,0,0,0,1,1,15,0
BRK,2023,T.J. Warren,29,PF,26,0,18.8,3.9,7.7,.510,0.6,1.8,.333,3.3,5.8,.566,.550,1.0,1.3,.818,0.5,2.3,2.8,1.1,0.6,0.3,0.7,1.7,9.5,,,,,,,,,,,,,,,,,,,,,,,,,,,,,0,20,62,18,0.1,-1.3,3,5,23,4,15,2,69,4,,,,,,,,,,,,,,,
BRK,2023,Cam Thomas,21,SG,57,4,16.6,3.5,8.0,.441,0.9,2.3,.383,2.6,5.7,.464,.497,2.6,3.1,.868,0.1,1.5,1.7,1.4,0.4,0.1,1.1,1.0,10.6,,SG,2,0,8.0,1.5,3.5,.429,0.0,1.0,.000,1.5,2.5,.600,.429,0.0,0.0,,0.0,0.5,0.5,0.5,0.0,0.0,0.5,1.0,3.0,,9,32,3,0,-1.3,-3.3,22,18,32,4,76,10,187,18,36,64,0,0,0,-48.1,-37.1,0,1,0,0,0,0,2,0
BRK,2023,Yuta Watanabe,28,SF,58,1,16.0,2.0,4.0,.491,1.0,2.3,.444,0.9,1.7,.557,.621,0.6,0.8,.723,0.5,1.9,2.4,0.8,0.4,0.3,0.4,1.4,5.6,,SF,1,0,5.0,1.0,2.0,.500,1.0,2.0,.500,0.0,0.0,,.750,0.0,2.0,.000,0.0,1.0,1.0,0.0,0.0,0.0,1.0,0.0,3.0,,0,31,58,8,-1.2,-3.2,10,5,57,3,24,8,117,3,0,0,0,100,0,-44.4,-31.4,1,0,0,0,1,0,0,0
BRK,2023,Nerlens Noel,28,C,3,1,14.3,0.3,2.0,.167,0.0,0.0,,0.3,2.0,.167,.167,0.3,0.7,.500,1.0,2.0,3.0,1.0,1.0,0.3,1.7,2.3,1.0,,,,,,,,,,,,,,,,,,,,,,,,,,,,,0,0,0,100,-8.7,-10.0,2,2,6,1,1,2,7,0,,,,,,,,,,,,,,,
BRK,2023,Patty Mills,34,PG,40,2,14.2,2.2,5.2,.411,1.2,3.4,.366,0.9,1.9,.493,.529,0.6,0.8,.833,0.2,0.9,1.1,1.4,0.4,0.1,0.8,0.8,6.2,,PG,1,0,5.0,0.0,2.0,.000,0.0,2.0,.000,0.0,0.0,,.000,0.0,0.0,,0.0,0.0,0.0,0.0,0.0,0.0,0.0,1.0,0.0,,100,0,0,0,-7.2,-9.9,17,8,14,2,9,8,130,1,100,0,0,0,0,-11.1,2.8,0,0,1,0,0,0,0,0
BRK,2023,Edmond Sumner,27,SG,53,12,13.9,2.3,5.1,.461,0.6,1.6,.356,1.8,3.4,.511,.519,1.9,2.0,.917,0.2,1.2,1.5,1.3,0.6,0.2,0.9,1.6,7.1,,SG,1,0,4.0,0.0,0.0,,0.0,0.0,,0.0,0.0,,,0.0,0.0,,0.0,0.0,0.0,1.0,0.0,0.0,0.0,0.0,0.0,,42,10,1,0,2.9,2.0,25,13,38,3,56,10,155,14,100,0,0,0,0,-44.4,-31.4,0,0,0,0,0,0,2,0
BRK,2023,Day'Ron Sharpe,21,C,48,3,11.5,1.9,3.6,.544,0.1,0.2,.545,1.8,3.3,.544,.561,0.7,1.1,.636,2.1,2.1,4.2,0.8,0.3,0.7,0.9,1.9,4.7,,C,2,0,10.0,1.0,1.5,.667,0.0,0.0,,1.0,1.5,.667,.667,1.0,1.0,1.000,1.0,2.0,3.0,2.5,0.0,0.5,1.0,1.5,3.0,,0,0,0,100,-10.3,-13.5,13,11,47,16,25,0,85,6,0,0,0,0,100,-20.9,-7.9,0,1,2,1,1,0,12,0
BRK,2023,Markieff Morris,33,PF,27,1,10.6,1.2,3.0,.402,0.7,1.8,.408,0.5,1.2,.394,.524,0.4,0.4,1.000,0.5,1.7,2.2,0.9,0.3,0.2,0.5,1.2,3.6,,,,,,,,,,,,,,,,,,,,,,,,,,,,,0,9,59,32,6.2,5.4,8,1,15,3,3,1,55,0,,,,,,,,,,,,,,,
BRK,2023,David Duke Jr.,23,SG,23,0,9.9,1.6,3.4,.462,0.0,0.5,.083,1.5,2.9,.530,.468,0.5,0.7,.706,0.5,0.8,1.3,0.9,0.4,0.0,0.8,1.3,3.7,,SG,1,0,5.0,1.0,3.0,.333,0.0,1.0,.000,1.0,2.0,.500,.333,0.0,0.0,,0.0,0.0,0.0,0.0,0.0,0.0,1.0,1.0,2.0,,0,64,13,0,-7.0,-8.8,10,2,11,4,10,3,55,3,0,0,100,0,0,-44.4,-31.4,1,0,1,0,0,1,0,0
BRK,2023,Dru Smith,25,SG,10,0,9.1,1.3,3.1,.419,0.4,1.3,.308,0.9,1.8,.500,.484,0.3,0.3,1.000,0.1,1.4,1.5,1.7,0.6,0.1,0.2,1.3,3.3,,,,,,,,,,,,,,,,,,,,,,,,,,,,,45,2,0,0,-7.6,-9.0,1,1,7,0,2,0,40,1,,,,,,,,,,,,,,,
BRK,2023,Kessler Edwards,22,SF,14,1,5.6,0.4,1.7,.250,0.1,0.9,.167,0.3,0.9,.333,.292,0.1,0.1,.500,0.4,0.6,1.0,0.1,0.2,0.1,0.3,0.2,1.1,,,,,,,,,,,,,,,,,,,,,,,,,,,,,0,37,62,1,-1.9,-3.2,4,0,2,0,1,0,4,0,,,,,,,,,,,,,,,
BRK,2023,Alondes Williams,23,SG,1,0,5.0,0.0,0.0,,0.0,0.0,,0.0,0.0,,,0.0,0.0,,0.0,1.0,1.0,0.0,0.0,0.0,2.0,1.0,0.0,,,,,,,,,,,,,,,,,,,,,,,,,,,,,0,0,0,0,-45.5,-46.8,1,0,0,0,0,0,0,0,,,,,,,,,,,,,,,
BRK,2023,Moses Brown,23,C,2,0,3.0,0.0,0.0,,0.0,0.0,,0.0,0.0,,,0.0,0.0,,0.0,0.0,0.0,0.0,0.5,0.0,0.5,0.5,0.0,,,,,,,,,,,,,,,,,,,,,,,,,,,,,0,0,0,100,-43.3,-44.6,0,0,1,0,0,0,0,0,,,,,,,,,,,,,,,
BRK,2023,Team Totals,,,82,82,240.6,41.5,85.1,.487,12.8,33.8,.378,28.7,51.3,.559,.562,17.7,22.1,.800,8.2,32.3,40.5,25.5,7.1,6.2,13.7,21.1,113.4,,,4,4,240.0,34.0,77.3,.440,11.3,34.5,.326,22.8,42.8,.532,.513,13.3,18.3,.726,5.8,29.3,35.0,22.3,5.3,3.8,12.3,15.5,92.5,,20,20,20,20,1.3,0.9,522,243,893,151,800,145,5045,228,20,20,20,20,20,-13.8,0.5,26,13,25,4,35,8,215,9
ATL,2022,Trae Young,23,PG,76,76,34.9,9.4,20.3,.460,3.1,8.0,.382,6.3,12.3,.512,.536,6.6,7.3,.904,0.7,3.1,3.7,9.7,0.9,0.1,4.0,1.7,28.4,"AS,NBA3",PG,5,5,37.2,4.4,13.8,.319,1.4,7.6,.184,3.0,6.2,.484,.370,5.2,6.6,.788,1.0,4.0,5.0,6.0,0.6,0.0,6.2,2.6,15.4,,100,0,0,0,2.9,3.4,221,54,47,9,151,28,1709,32,100,0,0,0,0,-16.9,-16.1,16,9,2,3,8,1,71,3
ATL,2022,John Collins,24,PF,54,53,30.8,6.3,11.9,.526,1.2,3.3,.364,5.1,8.7,.588,.576,2.5,3.1,.793,1.7,6.1,7.8,1.8,0.6,1.0,1.1,3.0,16.2,,PF,5,4,24.4,3.8,7.8,.487,0.8,2.2,.364,3.0,5.6,.536,.538,1.0,2.0,.500,0.4,4.2,4.6,1.2,0.4,0.2,1.0,2.4,9.4,,0,0,94,6,1.0,-1.4,26,12,86,13,68,18,224,17,0,0,0,80,20,-27.8,-29.5,3,0,6,1,6,1,17,4
ATL,2022,De'Andre Hunter,24,SF,53,52,29.8,4.8,10.8,.442,1.4,3.7,.379,3.4,7.2,.474,.506,2.4,3.1,.765,0.5,2.8,3.3,1.3,0.7,0.4,1.3,2.9,13.4,,SF,5,5,35.0,7.8,14.0,.557,2.4,5.2,.462,5.4,8.8,.614,.643,3.2,4.0,.800,0.4,3.4,3.8,0.6,0.8,0.2,2.2,4.0,21.2,,0,65,35,0,0.9,-1.6,17,28,54,13,69,16,173,15,0,0,60,40,0,-21.9,-30.5,3,5,10,2,8,7,8,2
ATL,2022,Kevin Huerter,23,SF,74,60,29.6,4.7,10.3,.454,2.2,5.6,.389,2.5,4.7,.530,.559,0.6,0.7,.808,0.4,3.0,3.4,2.7,0.7,0.4,1.2,2.5,12.1,,SF,5,5,30.8,3.4,9.4,.362,1.8,6.2,.290,1.6,3.2,.500,.457,0.6,0.8,.750,0.2,2.8,3.0,3.8,1.2,0.6,2.2,3.0,9.2,,0,42,1,0,4.0,4.8,50,23,82,5,20,6,484,5,0,53,42,6,0,-21.0,-20.3,8,3,7,0,1,0,44,0
ATL,2022,Bogdan Bogdanović,29,SG,63,27,29.3,5.4,12.6,.431,2.7,7.3,.368,2.7,5.3,.516,.537,1.5,1.8,.843,0.5,3.5,4.0,3.1,1.1,0.2,1.1,2.1,15.1,6MOY-6,SG,4,0,26.8,5.0,12.3,.408,2.3,6.5,.346,2.8,5.8,.478,.500,2.0,2.5,.800,1.0,3.8,4.8,3.0,0.3,0.3,1.0,3.0,14.3,,1,26,0,0,5.2,6.3,42,17,43,3,43,5,452,7,0,54,47,0,0,-6.3,12.7,2,1,7,0,2,0,29,0
ATL,2022,Chaundee Brown Jr.,23,SG,3,2,27.7,3.0,8.3,.360,2.0,5.0,.400,1.0,3.3,.300,.480,1.7,2.0,.833,0.3,4.3,4.7,1.3,0.7,0.0,0.0,2.3,9.7,,,,,,,,,,,,,,,,,,,,,,,,,,,,,1,59,0,0,-9.1,-11.2,0,0,4,0,2,0,9,0,,,,,,,,,,,,,,,
ATL,2022,Clint Capela,27,C,74,73,27.6,5.0,8.2,.613,0.0,0.0,.000,5.0,8.1,.614,.613,1.1,2.3,.473,3.8,8.1,11.9,1.2,0.7,1.3,0.6,2.2,11.1,,C,2,2,20.0,1.0,3.0,.333,0.0,0.0,,1.0,3.0,.333,.333,0.0,0.0,,2.0,5.5,7.5,0.0,0.5,0.5,0.5,1.0,2.0,,0,0,0,100,3.7,3.9,15,14,88,7,86,15,222,19,0,0,0,0,100,-34.4,-25.0,0,0,0,0,0,2,0,0
ATL,2022,Wes Iwundu,27,SF,3,1,27.3,2.7,6.0,.444,1.0,1.7,.600,1.7,4.3,.385,.528,1.0,1.3,.750,1.0,3.3,4.3,0.0,0.3,0.0,0.3,2.7,7.3,,,,,,,,,,,,,,,,,,,,,,,,,,,,,0,65,34,0,0.7,-1.1,0,1,3,0,2,1,0,0,,,,,,,,,,,,,,,
ATL,2022,Danilo Gallinari,33,PF,66,18,25.3,3.9,9.0,.434,1.7,4.5,.381,2.2,4.6,.485,.528,2.1,2.4,.904,0.5,4.1,4.7,1.5,0.4,0.2,0.6,1.4,11.7,,PF,5,3,22.4,3.6,9.0,.400,0.8,3.0,.267,2.8,6.0,.467,.444,2.2,2.2,1.000,0.4,3.8,4.2,0.8,0.2,0.0,1.0,1.2,10.2,,0,0,76,24,2.9,1.9,10,15,36,8,63,5,241,6,0,0,0,49,51,-17.1,-7.1,3,2,4,0,5,0,10,1
ATL,2022,Cam Reddish,22,SF,34,7,23.4,4.1,10.1,.402,1.7,4.5,.379,2.4,5.6,.421,.487,2.1,2.4,.900,0.6,1.9,2.5,1.1,1.0,0.3,1.3,1.3,11.9,,,,,,,,,,,,,,,,,,,,,,,,,,,,,0,73,27,0,-9.5,-14.2,17,16,20,3,38,5,93,7,,,,,,,,,,,,,,,
ATL,2022,Cameron Oliver,25,SF,2,0,21.5,5.0,7.5,.667,0.5,1.5,.333,4.5,6.0,.750,.700,1.0,1.5,.667,1.0,2.0,3.0,1.5,0.5,0.5,0.0,2.5,11.5,,,,,,,,,,,,,,,,,,,,,,,,,,,,,0,0,38,62,3.5,1.7,0,0,3,0,2,0,7,1,,,,,,,,,,,,,,,
ATL,2022,Onyeka Okongwu,21,C,48,6,20.7,3.3,4.7,.690,0.0,0.0,,3.3,4.7,.690,.690,1.7,2.3,.727,2.4,3.5,5.9,1.1,0.6,1.3,0.9,3.1,8.2,,C,5,1,21.6,1.8,3.2,.563,0.0,0.0,,1.8,3.2,.563,.563,1.6,2.0,.800,2.2,3.2,5.4,0.4,0.8,0.8,0.8,3.8,5.2,,0,0,2,98,5.2,4.4,14,12,91,13,55,3,133,16,0,0,0,0,100,-1.0,22.1,0,0,5,4,6,1,5,2
ATL,2022,Delon Wright,29,SG,77,8,18.9,1.6,3.5,.454,0.6,1.5,.379,1.0,2.0,.510,.535,0.7,0.8,.857,0.6,2.2,2.9,2.4,1.2,0.2,0.6,0.7,4.4,,SG,5,0,27.4,3.0,5.8,.517,1.0,2.6,.385,2.0,3.2,.625,.603,1.2,1.8,.667,2.2,2.6,4.8,2.8,0.8,0.2,1.0,0.4,8.2,,34,1,0,0,3.1,1.9,26,14,25,0,23,15,476,2,32,68,0,0,0,6.8,46.8,2,3,2,0,4,1,35,1
ATL,2022,Malcolm Hill,26,SG,3,0,15.3,1.7,2.7,.625,1.0,1.7,.600,0.7,1.0,.667,.813,1.3,1.3,1.000,0.7,1.3,2.0,0.3,1.3,0.3,0.0,2.3,5.7,,,,,,,,,,,,,,,,,,,,,,,,,,,,,0,65,11,0,7.9,6.1,0,0,5,0,2,0,2,0,,,,,,,,,,,,,,,
ATL,2022,Lou Williams,35,PG,56,0,14.3,2.2,5.7,.391,0.7,1.8,.363,1.6,3.9,.404,.448,1.2,1.4,.859,0.3,1.3,1.6,1.9,0.5,0.1,0.8,0.9,6.3,,,,,,,,,,,,,,,,,,,,,,,,,,,,,84,0,0,0,0.6,-1.6,30,12,16,0,30,2,251,4,,,,,,,,,,,,,,,
ATL,2022,Timothé Luwawu-Cabarrot,26,SF,52,18,13.2,1.4,3.6,.398,0.8,2.3,.361,0.6,1.2,.469,.516,0.7,0.8,.854,0.3,1.3,1.6,0.8,0.3,0.1,0.4,1.5,4.4,,SF,4,0,5.5,0.5,1.0,.500,0.3,0.8,.333,0.3,0.3,1.000,.625,0.0,0.0,,0.0,0.8,0.8,0.5,0.0,0.0,0.3,1.5,1.3,,0,83,15,0,-2.6,-5.4,13,3,37,2,20,8,99,4,0,0,100,0,0,-3.1,11.5,0,0,3,1,0,0,6,0
ATL,2022,Lance Stephenson,31,SG,6,0,11.7,0.8,2.2,.385,0.0,0.5,.000,0.8,1.7,.500,.385,0.2,0.3,.500,0.2,2.3,2.5,1.8,0.0,0.0,0.7,1.3,1.8,,,,,,,,,,,,,,,,,,,,,,,,,,,,,1,45,18,0,6.5,4.7,2,1,4,1,1,0,27,0,,,,,,,,,,,,,,,
ATL,2022,Solomon Hill,30,SF,13,1,10.7,0.2,1.5,.150,0.2,1.0,.154,0.1,0.5,.143,.200,0.0,0.0,,0.5,1.3,1.8,0.9,0.3,0.2,0.1,1.2,0.6,,,,,,,,,,,,,,,,,,,,,,,,,,,,,0,88,5,0,16.0,14.6,0,0,6,1,0,0,32,0,,,,,,,,,,,,,,,
ATL,2022,Gorgui Dieng,32,C,44,3,8.4,1.2,2.5,.473,0.7,1.5,.426,0.5,1.0,.545,.603,0.4,0.6,.731,0.7,2.0,2.8,0.8,0.3,0.3,0.5,1.2,3.5,,C,2,0,5.0,0.5,1.0,.500,0.0,0.5,.000,0.5,0.5,1.000,.500,0.5,0.5,1.000,0.5,1.0,1.5,0.0,0.0,0.0,0.0,0.0,1.5,,0,0,0,100,-8.4,-11.3,6,1,24,5,13,4,82,4,0,0,0,0,100,2.7,16.9,0,0,0,0,1,0,0,1
ATL,2022,Skylar Mays,24,SG,28,5,7.9,1.1,2.3,.500,0.3,0.9,.320,0.9,1.4,.615,.563,0.3,0.3,.889,0.2,0.7,0.9,0.6,0.3,0.0,0.4,0.3,2.9,,SG,2,0,4.5,0.5,0.5,1.000,0.0,0.0,,0.5,0.5,1.000,1.000,0.0,0.0,,0.0,0.5,0.5,0.5,0.5,0.0,0.0,0.5,1.0,,28,13,0,0,-11.7,-14.3,6,2,5,1,4,2,47,3,100,0,0,0,0,17.7,32.6,0,0,0,0,0,0,3,0
ATL,2022,Kevin Knox,22,SF,17,0,6.5,0.9,2.6,.356,0.3,1.5,.192,0.6,1.1,.579,.411,0.5,0.7,.750,0.4,0.9,1.3,0.4,0.1,0.1,0.1,0.8,2.7,,SF,2,0,4.5,3.5,5.5,.636,3.0,5.0,.600,0.5,0.5,1.000,.909,1.0,1.0,1.000,0.0,1.0,1.0,0.0,1.0,0.0,1.5,0.0,11.0,,0,33,42,0,-8.2,-10.4,1,1,9,0,5,1,18,0,0,100,0,0,0,17.7,32.6,1,1,0,0,1,0,0,0
ATL,2022,Jalen Johnson,20,PF,22,0,5.5,1.0,1.9,.537,0.1,0.6,.231,0.9,1.3,.679,.573,0.2,0.3,.714,0.1,1.1,1.2,0.1,0.1,0.1,0.4,0.4,2.4,,PF,2,0,4.5,0.0,1.5,.000,0.0,0.5,.000,0.0,1.0,.000,.000,0.0,0.0,,0.0,0.0,0.0,0.0,0.0,0.0,0.5,0.0,0.0,,0,0,87,13,-6.4,-8.5,7,0,6,1,2,0,9,1,0,0,0,100,0,17.7,32.6,0,0,0,0,0,0,0,0
ATL,2022,Cat Barber,27,PG,3,0,4.3,0.0,1.3,.000,0.0,0.0,,0.0,1.3,.000,.000,0.0,1.3,.000,0.3,0.7,1.0,1.0,0.0,0.0,0.3,0.3,0.0,,,,,,,,,,,,,,,,,,,,,,,,,,,,,100,0,0,0,35.7,34.0,0,1,1,0,1,0,8,0,,,,,,,,,,,,,,,
ATL,2022,Sharife Cooper,20,PG,13,0,3.0,0.2,1.1,.214,0.1,0.5,.167,0.2,0.6,.250,.250,0.0,0.0,,0.0,0.4,0.4,0.4,0.0,0.0,0.4,0.1,0.5,,,,,,,,,,,,,,,,,,,,,,,,,,,,,99,0,0,0,-42.5,-44.8,2,2,0,0,0,0,12,0,,,,,,,,,,,,,,,
ATL,2022,Team Totals,,,82,82,240.3,41.5,88.3,.470,12.9,34.4,.374,28.6,53.9,.531,.543,18.1,22.3,.812,10.0,33.9,44.0,24.6,7.2,4.2,11.9,18.7,113.9,,,5,5,240.0,34.4,78.2,.440,11.4,35.0,.326,23.0,43.2,.532,.513,17.2,22.0,.782,8.6,30.8,39.4,18.6,5.8,2.4,16.4,21.6,97.4,,20,20,20,20,1.9,1.0,505,229,695,85,700,134,4810,143,20,20,20,20,20,-13.6,-4.5,38,24,46,11,42,13,228,14
ATL,2024,Trae Young,25,PG,54,54,36.0,8.0,18.7,.430,3.2,8.7,.373,4.8,10.0,.479,.516,6.4,7.5,.855,0.4,2.3,2.8,10.8,1.3,0.2,4.4,2.0,25.7,AS,,,,,,,,,,,,,,,,,,,,,,,,,,,,100,0,0,0,-2.4,-0.3,174,41,49,7,131,35,1382,30,,,,,,,,,,,,,,,
ATL,2024,Dejounte Murray,27,SG,78,78,35.7,8.6,18.8,.459,2.6,7.1,.363,6.0,11.7,.518,.528,2.7,3.4,.794,0.8,4.5,5.3,6.4,1.4,0.3,2.6,1.8,22.5,,,,,,,,,,,,,,,,,,,,,,,,,,,,,38,0,0,0,-3.2,-3.1,117,59,57,14,116,8,1221,29,,,,,,,,,,,,,,,
ATL,2024,Jalen Johnson,22,SF,56,52,33.7,6.4,12.5,.511,1.3,3.6,.355,5.1,9.0,.574,.562,1.9,2.6,.728,1.3,7.4,8.7,3.6,1.2,0.8,1.8,2.4,16.0,,,,,,,,,,,,,,,,,,,,,,,,,,,,,0,0,94,5,-1.3,1.9,56,19,75,11,77,10,486,23,,,,,,,,,,,,,,,
ATL,2024,Saddiq Bey,24,SF,63,51,32.7,4.6,11.1,.416,1.8,5.7,.316,2.8,5.4,.522,.497,2.7,3.2,.837,2.7,3.9,6.5,1.5,0.8,0.2,0.9,1.4,13.7,,,,,,,,,,,,,,,,,,,,,,,,,,,,,0,70,29,0,-1.0,2.6,20,10,39,2,108,3,222,27,,,,,,,,,,,,,,,
ATL,2024,Bogdan Bogdanović,31,SG,79,33,30.4,6.0,13.9,.428,3.0,8.1,.374,2.9,5.8,.503,.537,1.9,2.1,.921,0.7,2.8,3.4,3.1,1.2,0.3,1.4,2.3,16.9,6MOY-5,,,,,,,,,,,,,,,,,,,,,,,,,,,,0,47,2,0,1.9,10.3,65,30,94,9,68,7,585,13,,,,,,,,,,,,,,,
ATL,2024,De'Andre Hunter,26,SF,57,37,29.5,5.3,11.6,.459,2.1,5.3,.385,3.3,6.3,.521,.547,2.9,3.4,.847,0.5,3.4,3.9,1.5,0.7,0.3,1.5,2.6,15.6,,,,,,,,,,,,,,,,,,,,,,,,,,,,,0,33,67,0,-1.5,1.2,25,30,63,13,93,29,213,28,,,,,,,,,,,,,,,
ATL,2024,Clint Capela,29,C,73,73,25.8,4.8,8.5,.571,0.0,0.0,.000,4.8,8.5,.572,.571,1.8,2.8,.631,4.6,6.0,10.6,1.2,0.6,1.5,1.0,2.2,11.5,,,,,,,,,,,,,,,,,,,,,,,,,,,,,0,0,0,100,-0.6,3.1,24,23,86,16,108,17,227,22,,,,,,,,,,,,,,,
ATL,2024,Onyeka Okongwu,23,C,55,8,25.5,4.1,6.6,.611,0.4,1.3,.333,3.6,5.4,.676,.642,1.7,2.1,.793,2.6,4.2,6.8,1.3,0.5,1.1,0.8,2.9,10.2,,,,,,,,,,,,,,,,,,,,,,,,,,,,,0,0,9,91,-1.4,1.3,13,11,110,13,62,0,177,14,,,,,,,,,,,,,,,
ATL,2024,Vit Krejci,23,PG,22,14,24.6,2.3,4.7,.490,1.3,3.1,.412,1.0,1.6,.639,.625,0.2,0.3,.833,0.5,1.9,2.4,2.3,0.6,0.3,0.9,2.2,6.1,,,,,,,,,,,,,,,,,,,,,,,,,,,,,96,0,0,0,-1.7,0.6,12,6,27,1,3,3,127,1,,,,,,,,,,,,,,,
ATL,2024,Bruno Fernando,25,C,45,2,15.2,2.4,4.2,.583,0.0,0.1,.000,2.4,4.1,.596,.583,1.4,2.1,.667,1.3,3.0,4.3,1.0,0.6,0.6,1.0,2.4,6.3,,,,,,,,,,,,,,,,,,,,,,,,,,,,,0,0,0,100,-5.6,-4.0,15,8,61,19,49,2,114,11,,,,,,,,,,,,,,,
ATL,2024,Garrison Mathews,27,SG,66,5,15.0,1.6,3.4,.456,1.3,2.9,.440,0.3,0.5,.545,.644,0.5,0.6,.810,0.3,1.1,1.4,0.6,0.3,0.1,0.3,1.7,4.9,,,,,,,,,,,,,,,,,,,,,,,,,,,,,0,36,1,0,-4.2,-2.6,8,6,74,0,19,38,92,6,,,,,,,,,,,,,,,
ATL,2024,Mouhamed Gueye,21,PF,6,0,12.2,1.3,3.8,.348,0.5,1.5,.333,0.8,2.3,.357,.413,0.8,1.0,.833,1.7,2.0,3.7,0.7,0.8,0.7,0.2,2.2,4.0,,,,,,,,,,,,,,,,,,,,,,,,,,,,,0,0,60,40,-28.8,-27.1,1,0,6,0,2,0,10,0,,,,,,,,,,,,,,,
ATL,2024,Dylan Windler,27,SF,6,0,12.2,1.7,3.2,.526,1.3,2.8,.471,0.3,0.3,1.000,.737,0.0,0.0,,0.5,1.5,2.0,0.5,0.3,0.0,0.3,0.5,4.7,,,,,,,,,,,,,,,,,,,,,,,,,,,,,0,17,83,0,-16.4,-14.4,1,0,2,0,0,0,7,0,,,,,,,,,,,,,,,
ATL,2024,Wesley Matthews,37,SG,36,3,11.5,0.9,2.7,.351,0.7,1.9,.348,0.3,0.8,.357,.474,0.5,0.7,.750,0.3,1.2,1.5,0.6,0.4,0.3,0.2,1.2,3.1,,,,,,,,,,,,,,,,,,,,,,,,,,,,,0,72,26,0,-6.4,-4.6,3,3,23,2,8,6,56,1,,,,,,,,,,,,,,,
ATL,2024,Kobe Bufkin,20,SG,17,0,11.5,2.0,5.4,.370,0.5,2.4,.225,1.5,3.1,.481,.418,0.2,0.5,.500,0.4,1.6,1.9,1.6,0.4,0.3,0.6,1.2,4.8,,,,,,,,,,,,,,,,,,,,,,,,,,,,,62,0,0,0,-8.7,-6.8,7,0,11,0,4,0,58,2,,,,,,,,,,,,,,,
ATL,2024,Trent Forrest,25,SG,38,0,10.9,0.9,2.4,.378,0.1,0.3,.200,0.8,2.1,.400,.389,0.3,0.4,.765,0.3,1.1,1.3,2.4,0.3,0.1,0.5,0.7,2.2,,,,,,,,,,,,,,,,,,,,,,,,,,,,,40,6,0,0,-10.7,-9.4,11,6,17,1,6,2,223,1,,,,,,,,,,,,,,,
ATL,2024,Patty Mills,35,PG,19,0,10.6,1.0,2.7,.373,0.7,1.8,.382,0.3,0.9,.353,.500,0.0,0.0,,0.3,0.8,1.1,0.7,0.5,0.1,0.4,0.9,2.7,,,,,,,,,,,,,,,,,,,,,,,,,,,,,77,0,0,0,-9.3,-7.5,6,1,9,1,0,3,37,1,,,,,,,,,,,,,,,
ATL,2024,AJ Griffin,20,SF,20,0,8.6,0.9,3.1,.290,0.5,2.0,.256,0.4,1.2,.348,.371,0.1,0.1,1.000,0.1,0.8,0.9,0.3,0.1,0.1,0.4,0.3,2.4,,,,,,,,,,,,,,,,,,,,,,,,,,,,,0,58,36,1,-13.7,-12.0,4,3,3,0,1,0,13,0,,,,,,,,,,,,,,,
ATL,2024,Seth Lundy,23,SF,9,0,5.8,0.4,1.9,.235,0.3,1.4,.231,0.1,0.4,.250,.324,0.3,0.4,.750,0.1,0.7,0.8,0.0,0.0,0.0,0.1,0.7,1.6,,,,,,,,,,,,,,,,,,,,,,,,,,,,,0,83,16,0,-8.0,-5.9,0,1,3,0,2,0,0,0,,,,,,,,,,,,,,,
ATL,2024,Team Totals,,,82,82,242.1,43.0,92.5,.465,13.7,37.7,.364,29.3,54.8,.535,.539,18.5,23.2,.797,12.5,32.2,44.7,26.6,7.5,4.5,13.5,18.6,118.3,,,,,,,,,,,,,,,,,,,,,,,,,,,,,20,20,20,20,-2.2,0.8,562,257,809,109,857,163,5250,209,,,,,,,,,,,,,,,
BRK,2024,Mikal Bridges,27,SF,82,82,34.8,6.9,15.8,.436,2.7,7.2,.372,4.2,8.6,.490,.521,3.1,3.9,.814,0.8,3.7,4.5,3.6,1.0,0.4,2.0,1.4,19.6,,,,,,,,,,,,,,,,,,,,,,,,,,,,,1,50,20,1,-3.6,-2.2,82,60,55,6,127,23,748,30,,,,,,,,,,,,,,,
BRK,2024,Dennis Schröder,30,PG,29,25,32.0,5.4,12.7,.424,2.1,5.1,.412,3.3,7.6,.432,.507,1.8,2.2,.797,0.6,2.9,3.5,6.0,0.6,0.3,2.4,2.0,14.6,,,,,,,,,,,,,,,,,,,,,,,,,,,,,100,0,0,0,-6.2,-4.2,45,20,23,2,23,7,419,5,,,,,,,,,,,,,,,
BRK,2024,Cam Thomas,22,SG,66,51,31.4,8.0,18.0,.442,2.2,6.0,.364,5.8,12.0,.481,.503,4.3,5.1,.856,0.4,2.8,3.2,2.9,0.7,0.2,1.9,2.1,22.5,,,,,,,,,,,,,,,,,,,,,,,,,,,,,10,21,1,0,-6.2,-6.7,44,40,69,9,155,15,458,35,,,,,,,,,,,,,,,
BRK,2024,Spencer Dinwiddie,30,PG,48,48,30.7,4.1,10.4,.391,1.9,5.8,.320,2.2,4.6,.480,.480,2.6,3.3,.781,0.5,2.8,3.3,6.0,0.8,0.2,1.3,1.8,12.6,,,,,,,,,,,,,,,,,,,,,,,,,,,,,89,0,0,0,-1.7,2.1,40,8,43,9,77,5,723,18,,,,,,,,,,,,,,,
BRK,2024,Nic Claxton,24,C,71,71,29.8,5.2,8.2,.629,0.0,0.1,.200,5.1,8.1,.633,.630,1.5,2.8,.551,2.7,7.2,9.9,2.1,0.6,2.1,1.3,2.5,11.8,,,,,,,,,,,,,,,,,,,,,,,,,,,,,0,0,0,100,-5.7,-5.7,23,25,75,31,89,13,349,24,,,,,,,,,,,,,,,
BRK,2024,Dorian Finney-Smith,30,PF,68,56,28.4,3.2,7.5,.421,1.7,4.9,.348,1.4,2.6,.560,.535,0.5,0.7,.717,1.6,3.1,4.7,1.6,0.8,0.6,0.9,2.2,8.5,,,,,,,,,,,,,,,,,,,,,,,,,,,,,0,39,45,14,-1.5,2.8,29,12,71,9,18,1,263,2,,,,,,,,,,,,,,,
BRK,2024,Cameron Johnson,27,PF,58,47,27.6,4.8,10.7,.446,2.4,6.1,.391,2.4,4.6,.519,.557,1.5,1.9,.789,0.9,3.4,4.3,2.4,0.8,0.3,1.0,1.8,13.4,,,,,,,,,,,,,,,,,,,,,,,,,,,,,0,11,76,11,-4.9,-3.2,39,12,52,4,50,6,348,13,,,,,,,,,,,,,,,
BRK,2024,Royce O'Neale,30,SF,49,6,24.5,2.6,6.6,.388,2.0,5.4,.366,0.6,1.2,.483,.537,0.3,0.4,.682,0.8,3.7,4.5,2.8,0.7,0.6,1.0,2.4,7.4,,,,,,,,,,,,,,,,,,,,,,,,,,,,,3,49,17,1,-0.9,3.0,25,14,73,9,10,7,322,0,,,,,,,,,,,,,,,
BRK,2024,Ben Simmons,27,PG,15,12,23.9,2.9,4.9,.581,0.0,0.0,,2.9,4.9,.581,.581,0.4,1.0,.400,2.1,5.9,7.9,5.7,0.8,0.6,1.8,2.4,6.1,,,,,,,,,,,,,,,,,,,,,,,,,,,,,61,1,0,0,-3.1,-0.2,17,4,15,4,5,3,217,1,,,,,,,,,,,,,,,
BRK,2024,Dennis Smith Jr.,26,PG,56,2,18.9,2.6,6.0,.435,0.6,1.9,.294,2.1,4.1,.502,.482,0.8,1.0,.741,0.9,2.0,2.9,3.6,1.2,0.2,1.2,2.2,6.6,,,,,,,,,,,,,,,,,,,,,,,,,,,,,88,0,0,0,0.7,5.0,36,15,57,9,25,6,491,6,,,,,,,,,,,,,,,
BRK,2024,Lonnie Walker IV,25,SG,58,0,17.4,3.6,8.5,.423,1.8,4.7,.384,1.8,3.8,.471,.528,0.8,1.0,.763,0.2,2.0,2.2,1.3,0.6,0.3,0.9,1.2,9.7,,,,,,,,,,,,,,,,,,,,,,,,,,,,,20,13,0,0,0.2,4.3,17,14,40,4,26,3,182,5,,,,,,,,,,,,,,,
BRK,2024,Noah Clowney,19,PF,23,4,16.1,2.2,4.0,.538,0.5,1.4,.364,1.7,2.6,.633,.602,0.9,1.3,.700,1.1,2.4,3.5,0.8,0.3,0.7,0.7,1.1,5.8,,,,,,,,,,,,,,,,,,,,,,,,,,,,,0,31,44,25,-6.0,-3.4,5,7,15,2,13,1,46,4,,,,,,,,,,,,,,,
BRK,2024,Jalen Wilson,23,PF,43,3,15.4,1.8,4.2,.425,0.6,1.7,.324,1.2,2.4,.495,.492,0.9,1.1,.826,1.1,2.0,3.0,1.0,0.3,0.1,0.4,1.1,5.0,,,,,,,,,,,,,,,,,,,,,,,,,,,,,0,38,48,5,0.2,3.8,3,8,29,4,17,2,108,5,,,,,,,,,,,,,,,
BRK,2024,Day'Ron Sharpe,22,C,61,1,15.1,2.8,4.8,.571,0.1,0.2,.267,2.7,4.6,.588,.578,1.2,2.0,.610,2.6,3.7,6.4,1.4,0.4,0.7,1.1,2.1,6.8,,,,,,,,,,,,,,,,,,,,,,,,,,,,,0,0,0,100,4.7,10.0,30,16,62,18,64,1,198,19,,,,,,,,,,,,,,,
BRK,2024,Trendon Watford,23,PF,63,2,13.6,2.6,4.9,.527,0.4,1.1,.397,2.2,3.9,.564,.571,1.2,1.5,.794,0.8,2.3,3.1,1.3,0.4,0.3,1.0,1.7,6.9,,,,,,,,,,,,,,,,,,,,,,,,,,,,,0,4,67,29,-3.8,-1.0,28,17,58,11,48,4,186,14,,,,,,,,,,,,,,,
BRK,2024,Keon Johnson,21,SG,5,0,12.2,1.6,4.2,.381,0.8,2.0,.400,0.8,2.2,.364,.476,2.2,2.4,.917,0.6,0.8,1.4,0.6,0.6,0.2,1.0,1.0,6.2,,,,,,,,,,,,,,,,,,,,,,,,,,,,,23,0,0,0,-18.0,-15.2,4,0,3,0,4,0,8,0,,,,,,,,,,,,,,,
BRK,2024,Dariq Whitehead,19,SF,2,0,12.0,0.5,2.5,.200,0.0,1.5,.000,0.5,1.0,.500,.200,0.5,1.0,.500,0.0,2.0,2.0,1.5,0.0,0.5,0.0,0.0,1.5,,,,,,,,,,,,,,,,,,,,,,,,,,,,,0,88,0,0,-51.8,-49.2,0,0,0,0,1,0,7,0,,,,,,,,,,,,,,,
BRK,2024,Jacob Gilyard,25,PG,4,0,11.3,0.0,1.5,.000,0.0,1.5,.000,0.0,0.0,,.000,0.0,0.0,,0.3,0.5,0.8,1.5,1.5,0.0,0.3,1.0,0.0,,,,,,,,,,,,,,,,,,,,,,,,,,,,,100,0,0,0,-10.8,-7.9,1,0,2,0,0,0,17,0,,,,,,,,,,,,,,,
BRK,2024,Armoni Brooks,25,PG,10,0,10.4,1.5,4.6,.326,1.1,3.2,.344,0.4,1.4,.286,.446,0.1,0.2,.500,0.7,1.1,1.8,0.5,0.1,0.1,0.3,0.3,4.2,,,,,,,,,,,,,,,,,,,,,,,,,,,,,72,0,0,0,11.0,14.4,3,0,1,0,1,0,10,1,,,,,,,,,,,,,,,
BRK,2024,Harry Giles,25,C,16,0,5.1,1.4,2.8,.500,0.2,0.7,.273,1.2,2.1,.576,.534,0.4,0.8,.538,0.8,0.9,1.6,0.4,0.1,0.2,0.4,0.9,3.4,,,,,,,,,,,,,,,,,,,,,,,,,,,,,0,0,43,57,-4.7,-1.8,2,2,12,2,8,0,14,3,,,,,,,,,,,,,,,
BRK,2024,Keita Bates-Diop,28,SF,14,0,4.9,0.6,1.1,.500,0.1,0.4,.200,0.5,0.8,.636,.531,0.4,0.4,1.000,0.1,0.6,0.6,0.3,0.2,0.1,0.1,0.1,1.6,,,,,,,,,,,,,,,,,,,,,,,,,,,,,0,22,2,0,-12.0,-9.2,0,1,1,1,3,0,9,0,,,,,,,,,,,,,,,
BRK,2024,Team Totals,,,82,82,241.5,40.7,89.1,.456,13.3,36.7,.362,27.4,52.4,.522,.531,15.8,20.9,.756,11.4,32.6,44.1,25.6,6.8,5.2,13.1,18.5,110.4,,,,,,,,,,,,,,,,,,,,,,,,,,,,,20,20,20,20,-3.0,-0.6,473,275,756,134,764,97,5123,185,,,,,,,,,,,,,,,
BOS,2023,Jayson Tatum,24,SF,74,74,36.9,9.8,21.1,.466,3.2,9.3,.350,6.6,11.8,.558,.543,7.2,8.4,.854,1.1,7.7,8.8,4.6,1.1,0.7,2.9,2.2,30.1,"MVP-4,CPOY-10,AS,NBA1",SF,20,20,40.0,9.3,20.2,.458,2.7,8.2,.323,6.6,12.0,.550,.524,6.0,6.9,.876,1.3,9.2,10.5,5.3,1.1,1.1,2.8,2.2,27.2,,0,53,34,0,8.3,5.5,79,78,46,32,255,3,874,50,0,0,37,63,0,4.6,5.7,18,25,16,7,58,2,261,7
BOS,2023,Jaylen Brown,26,SF,67,67,35.9,10.1,20.6,.491,2.4,7.3,.335,7.7,13.4,.576,.550,3.9,5.1,.765,1.2,5.7,6.9,3.5,1.1,0.4,2.9,2.6,26.6,"AS,NBA2",SF,20,20,37.6,9.1,18.3,.496,2.0,5.7,.354,7.1,12.6,.560,.551,2.6,3.7,.689,1.3,4.4,5.6,3.4,1.1,0.4,3.3,3.1,22.7,,0,58,3,0,5.1,-3.9,61,68,70,27,171,9,599,47,0,24,72,3,0,2.1,-7.1,22,31,26,9,36,1,171,11
BOS,2023,Marcus Smart,28,PG,61,61,32.1,4.1,9.9,.415,1.9,5.6,.336,2.2,4.3,.519,.511,1.4,1.9,.746,0.8,2.4,3.1,6.3,1.5,0.4,2.3,2.8,11.5,,PG,20,20,34.0,5.1,11.2,.453,2.2,6.1,.361,2.9,5.1,.564,.552,2.6,3.3,.800,1.1,3.0,4.0,5.1,1.3,0.3,2.3,1.9,14.9,,98,0,0,0,5.9,-1.5,84,22,79,19,48,51,914,11,98,2,0,0,0,4.3,2.3,33,6,17,3,25,15,245,6
BOS,2023,Al Horford,36,C,63,63,30.5,3.6,7.6,.476,2.3,5.2,.446,1.3,2.4,.539,.627,0.2,0.3,.714,1.2,5.0,6.2,3.0,0.5,1.0,0.6,1.9,9.8,,C,20,20,30.9,2.6,6.6,.386,1.4,4.7,.298,1.2,1.9,.605,.492,0.2,0.2,.750,1.5,5.7,7.2,3.0,1.1,1.7,0.6,2.4,6.7,,0,0,8,92,7.9,2.4,17,5,80,14,10,2,466,5,0,0,0,1,100,4.5,2.4,6,2,27,3,1,1,146,0
BOS,2023,Derrick White,28,SG,82,70,28.3,4.3,9.2,.462,1.8,4.8,.381,2.5,4.5,.548,.560,2.0,2.3,.875,0.6,2.9,3.6,3.9,0.7,0.9,1.2,2.2,12.4,,SG,20,16,29.7,4.7,9.2,.505,2.5,5.5,.455,2.2,3.7,.581,.641,1.6,1.7,.912,0.7,2.3,3.0,2.1,0.6,1.0,0.9,1.9,13.4,,21,8,0,0,10.7,9.7,54,25,115,4,96,51,793,27,9,78,13,0,0,0.9,-7.1,6,6,21,1,15,10,98,2
BOS,2023,Malcolm Brogdon,30,PG,67,0,26.0,5.3,10.9,.484,2.0,4.4,.444,3.3,6.5,.510,.574,2.4,2.7,.870,0.6,3.6,4.2,3.7,0.7,0.3,1.5,1.6,14.9,6MOY-1,PG,19,0,24.9,4.3,10.3,.418,1.7,4.6,.379,2.6,5.7,.450,.503,1.5,1.8,.829,0.7,2.8,3.5,2.9,0.2,0.3,1.0,1.5,11.9,,52,1,0,0,5.1,-2.7,42,34,49,7,78,18,616,14,40,58,2,0,0,6.2,5.2,8,7,11,1,17,1,131,3
BOS,2023,Grant Williams,24,PF,79,23,25.9,2.7,6.0,.454,1.5,3.7,.395,1.3,2.3,.546,.575,1.2,1.5,.770,1.1,3.5,4.6,1.7,0.5,0.4,1.0,2.4,8.1,,PF,15,0,17.7,1.7,3.5,.472,1.2,2.7,.450,0.5,0.9,.538,.642,0.5,0.7,.800,0.7,1.5,2.2,1.2,0.3,0.4,0.3,1.7,5.1,,0,5,86,8,5.3,-2.7,27,20,100,17,47,20,333,12,0,0,5,89,6,-3.4,-9.6,2,1,16,1,5,4,47,0
BOS,2023,Robert Williams,25,C,35,20,23.5,3.6,4.9,.747,0.0,0.0,.000,3.6,4.8,.751,.747,0.7,1.2,.610,3.0,5.4,8.3,1.4,0.6,1.4,1.0,1.9,8.0,,C,20,4,20.9,3.4,4.3,.788,0.0,0.1,.000,3.4,4.2,.798,.788,1.0,1.4,.679,1.8,4.2,6.0,1.0,0.5,1.3,0.8,2.2,7.7,,0,1,46,53,10.2,4.5,16,6,44,8,22,0,128,9,0,0,0,29,71,3.6,0.0,7,2,26,6,17,0,48,8
BOS,2023,Mike Muscala,31,C,20,4,16.2,2.1,4.5,.472,1.3,3.3,.385,0.9,1.2,.708,.612,0.5,0.7,.692,0.7,2.7,3.4,0.6,0.2,0.3,0.5,1.4,5.9,,C,6,0,3.5,0.3,0.7,.500,0.3,0.7,.500,0.0,0.0,,.750,0.5,0.7,.750,0.5,0.2,0.7,0.2,0.0,0.0,0.2,0.2,1.5,,0,0,26,74,8.2,1.7,2,2,13,4,4,0,32,0,0,0,0,94,6,25.0,21.9,1,0,1,0,1,0,2,0
BOS,2023,Sam Hauser,25,SF,80,8,16.1,2.3,5.0,.455,1.8,4.2,.418,0.5,0.8,.656,.631,0.2,0.2,.706,0.4,2.1,2.6,0.9,0.4,0.3,0.4,1.2,6.4,,SF,15,0,6.9,0.7,1.9,.345,0.5,1.6,.333,0.1,0.3,.400,.483,0.1,0.1,1.000,0.3,0.8,1.1,0.3,0.1,0.1,0.0,0.5,2.0,,0,57,31,0,7.7,1.6,13,11,59,3,6,4,175,1,0,13,27,60,0,10.1,7.4,0,0,2,0,1,0,9,0
BOS,2023,Blake Griffin,33,C,41,16,13.9,1.5,3.2,.485,0.6,1.6,.348,1.0,1.6,.625,.573,0.5,0.8,.656,1.1,2.6,3.8,1.5,0.3,0.2,0.5,1.8,4.1,,C,1,0,6.0,0.0,1.0,.000,0.0,0.0,,0.0,1.0,.000,.000,0.0,0.0,,1.0,1.0,2.0,0.0,0.0,0.0,0.0,2.0,0.0,,0,2,23,76,8.3,2.0,5,2,35,10,13,17,157,4,0,0,0,0,100,10.6,7.1,0,0,0,0,0,0,0,0
BOS,2023,Payton Pritchard,25,PG,48,3,13.4,2.1,5.1,.412,1.2,3.2,.364,0.9,1.9,.495,.527,0.3,0.3,.750,0.5,1.3,1.8,1.3,0.3,0.0,0.8,0.8,5.6,,PG,10,0,5.7,1.2,2.2,.545,0.4,1.0,.400,0.8,1.2,.667,.636,0.4,0.5,.800,0.0,0.6,0.6,1.1,0.1,0.0,0.5,0.3,3.2,,100,0,0,0,1.1,-6.5,21,9,16,0,7,2,162,1,100,0,0,0,0,8.5,5.2,3,2,1,0,2,0,28,2
BOS,2023,Luke Kornet,27,C,69,0,11.7,1.6,2.5,.665,0.0,0.2,.231,1.6,2.3,.701,.674,0.5,0.6,.821,1.2,1.6,2.9,0.8,0.2,0.7,0.4,1.2,3.8,,C,8,0,4.0,0.9,1.0,.875,0.1,0.1,1.000,0.8,0.9,.857,.938,0.3,0.3,1.000,0.6,0.6,1.3,0.0,0.0,0.1,0.0,0.3,2.1,,0,0,0,100,4.6,-2.5,7,6,63,6,17,1,136,5,0,0,0,0,100,4.8,1.2,0,0,0,0,0,0,0,0
BOS,2023,Justin Champagnie,21,SF,2,0,11.5,1.0,6.0,.167,0.5,2.5,.200,0.5,3.5,.143,.208,0.0,0.0,,1.0,1.0,2.0,1.5,0.5,0.0,0.0,0.5,2.5,,SF,4,0,2.5,0.3,1.0,.250,0.0,0.8,.000,0.3,0.3,1.000,.250,0.0,0.0,,0.0,0.0,0.0,0.0,0.0,0.0,0.0,0.5,0.5,,0,57,0,0,-7.4,-14.1,0,0,1,0,0,0,6,0,0,100,0,0,0,6.1,2.5,0,0,1,0,0,0,0,0
BOS,2023,Mfiondu Kabengele,25,PF,4,0,9.0,0.5,1.8,.286,0.0,0.8,.000,0.5,1.0,.500,.286,0.5,0.5,1.000,1.3,1.3,2.5,0.0,0.5,0.0,0.3,0.8,1.5,,,,,,,,,,,,,,,,,,,,,,,,,,,,,0,0,83,17,-10.6,-17.4,0,0,0,1,0,0,0,0,,,,,,,,,,,,,,,
BOS,2023,Noah Vonleh,27,C,23,1,7.4,0.5,1.0,.458,0.0,0.2,.250,0.4,0.9,.500,.479,0.1,0.1,1.000,0.8,1.3,2.1,0.3,0.1,0.3,0.5,1.5,1.1,,,,,,,,,,,,,,,,,,,,,,,,,,,,,0,0,20,80,-2.2,-9.2,2,2,15,7,1,0,20,0,,,,,,,,,,,,,,,
BOS,2023,JD Davison,20,SG,12,0,5.5,0.7,1.6,.421,0.2,0.6,.286,0.5,1.0,.500,.474,0.1,0.2,.500,0.2,0.6,0.8,0.9,0.2,0.2,0.3,0.4,1.6,,,,,,,,,,,,,,,,,,,,,,,,,,,,,26,0,0,0,-4.6,-11.4,3,1,2,0,1,1,25,0,,,,,,,,,,,,,,,
BOS,2023,Justin Jackson,27,SF,23,0,4.7,0.3,1.2,.259,0.2,0.9,.250,0.1,0.3,.286,.352,0.0,0.1,.500,0.1,0.7,0.7,0.4,0.2,0.2,0.1,0.3,0.9,,,,,,,,,,,,,,,,,,,,,,,,,,,,,0,77,23,0,-29.3,-36.9,2,0,5,0,1,0,21,0,,,,,,,,,,,,,,,
BOS,2023,Team Totals,,,82,82,243.7,42.2,88.8,.475,16.0,42.6,.377,26.2,46.2,.567,.566,17.5,21.6,.812,9.7,35.6,45.3,26.7,6.4,5.2,13.4,18.8,117.9,,,20,20,241.3,40.9,85.5,.478,14.1,38.7,.364,26.8,46.9,.572,.560,16.2,20.0,.810,9.5,33.6,43.1,24.2,6.0,6.4,12.4,17.2,112.0,,20,20,20,20,6.6,0.7,435,291,792,159,777,179,5457,186,20,20,20,20,20,3.6,-0.1,106,82,165,31,178,34,1186,39
BOS,2024,Jayson Tatum,25,PF,74,74,35.7,9.1,19.3,.471,3.1,8.2,.376,6.0,11.0,.542,.552,5.6,6.7,.833,0.9,7.2,8.1,4.9,1.0,0.6,2.5,2.0,26.9,"MVP-6,CPOY-9,AS,NBA1",PF,19,19,40.4,8.4,19.6,.427,2.1,7.3,.283,6.3,12.3,.513,.480,6.2,7.2,.861,0.9,8.8,9.7,6.3,1.1,0.7,2.6,2.8,25.0,,0,26,72,2,10.9,-1.2,91,53,54,32,208,4,922,44,0,0,4,93,3,9.6,6.0,22,18,13,8,65,2,299,17
BOS,2024,Jaylen Brown,27,SF,70,70,33.5,9.0,17.9,.499,2.1,5.9,.354,6.9,12.1,.570,.557,3.0,4.3,.703,1.2,4.3,5.5,3.6,1.2,0.5,2.4,2.6,23.0,AS,SF,19,19,37.2,9.2,17.8,.516,1.9,5.8,.327,7.3,12.1,.607,.569,3.6,5.4,.660,1.2,4.8,5.9,3.3,1.2,0.6,2.7,2.7,23.9,Finals MVP-1,1,68,2,0,8.2,-7.7,64,61,74,27,156,10,619,46,0,14,83,3,0,7.0,-7.5,17,17,15,11,45,6,160,5
BOS,2024,Jrue Holiday,33,PG,69,69,32.8,4.8,10.0,.480,2.0,4.7,.429,2.8,5.3,.526,.581,0.9,1.0,.833,1.2,4.2,5.4,4.8,0.9,0.8,1.8,1.6,12.5,DPOY-6,PG,19,19,37.9,5.1,10.2,.503,1.8,4.6,.402,3.3,5.6,.585,.593,1.1,1.2,.955,1.9,4.2,6.1,4.4,1.1,0.6,1.5,2.1,13.2,,69,0,0,0,9.5,-4.1,70,37,56,4,29,21,822,7,70,30,0,0,0,10.9,10.3,15,9,19,1,9,6,202,2
BOS,2024,Derrick White,29,SG,73,73,32.6,5.3,11.5,.461,2.7,6.8,.396,2.6,4.7,.555,.578,1.9,2.1,.901,0.7,3.5,4.2,5.2,1.0,1.2,1.5,2.1,15.2,DPOY-8,SG,19,19,35.6,5.7,12.7,.452,3.4,8.5,.404,2.3,4.2,.550,.587,1.8,2.0,.921,1.0,3.3,4.3,4.1,0.9,1.2,0.8,2.3,16.7,,20,4,0,0,12.4,2.9,69,21,79,13,73,27,910,19,7,84,9,0,0,6.4,-8.8,11,4,22,0,14,6,176,1
BOS,2024,Kristaps Porziņģis,28,C,57,57,29.6,6.8,13.2,.516,1.9,5.1,.375,4.9,8.1,.606,.589,4.5,5.3,.858,1.7,5.5,7.2,2.0,0.7,1.9,1.6,2.7,20.1,,C,7,4,23.6,4.0,8.6,.467,1.4,4.1,.345,2.6,4.4,.581,.550,2.9,3.1,.909,0.6,3.9,4.4,1.1,0.7,1.6,0.7,2.1,12.3,,0,0,5,95,10.6,-1.2,36,23,89,23,127,7,281,27,0,0,0,0,100,10.7,2.4,2,2,9,1,8,2,20,0
BOS,2024,Al Horford,37,C,65,33,26.8,3.3,6.4,.511,1.7,4.0,.419,1.6,2.5,.658,.640,0.4,0.5,.867,1.3,5.1,6.4,2.6,0.6,1.0,0.7,1.4,8.6,,C,19,15,30.3,3.5,7.3,.478,1.8,5.0,.368,1.6,2.3,.721,.605,0.4,0.6,.636,1.8,5.2,7.0,2.1,0.8,0.8,0.6,1.5,9.2,,0,0,51,49,11.4,0.3,20,11,54,13,9,1,426,2,0,0,0,8,92,12.8,11.0,5,2,13,3,4,0,99,1
BOS,2024,Payton Pritchard,26,PG,82,5,22.3,3.6,7.7,.468,1.8,4.7,.385,1.8,3.1,.593,.583,0.6,0.7,.821,0.9,2.4,3.2,3.4,0.5,0.1,0.7,1.3,9.6,,PG,19,0,18.7,2.3,5.5,.419,1.2,3.2,.383,1.1,2.4,.467,.529,0.6,0.6,.917,0.7,1.2,1.9,2.1,0.2,0.0,0.7,1.2,6.4,,100,0,0,0,11.9,1.3,31,12,37,5,23,7,696,4,100,0,0,0,0,3.5,-8.4,4,3,6,1,2,0,103,0
BOS,2024,Sam Hauser,26,SF,79,13,22.0,3.2,7.1,.446,2.5,5.9,.424,0.7,1.2,.559,.623,0.2,0.2,.895,0.6,2.9,3.5,1.0,0.5,0.3,0.4,1.3,9.0,,SF,19,0,14.9,1.9,4.4,.429,1.4,3.7,.380,0.5,0.7,.692,.589,0.2,0.2,1.000,0.4,1.7,2.2,0.6,0.3,0.2,0.2,1.1,5.4,,0,54,33,1,13.4,3.9,17,8,56,3,4,5,211,0,0,0,69,30,1,13.0,6.2,2,0,10,1,1,1,27,0
BOS,2024,Luke Kornet,28,C,63,7,15.6,2.3,3.2,.700,0.0,0.0,1.000,2.2,3.2,.698,.702,0.8,0.9,.907,1.9,2.3,4.1,1.1,0.4,1.0,0.3,1.2,5.3,,C,13,0,10.2,1.1,1.6,.667,0.0,0.0,,1.1,1.6,.667,.667,0.8,1.0,.846,1.5,1.7,3.2,0.5,0.1,0.4,0.5,0.8,3.0,,0,0,0,100,11.2,-0.1,11,5,54,5,26,2,174,6,0,0,0,0,100,-8.4,-20.0,3,0,9,1,5,0,19,0
BOS,2024,Xavier Tillman Sr.,25,PF,20,2,13.7,1.7,3.3,.515,0.4,1.4,.286,1.3,1.9,.684,.576,0.2,0.4,.571,0.7,2.0,2.7,1.0,0.5,0.5,0.3,0.8,4.0,,PF,8,0,8.6,0.6,1.0,.625,0.1,0.1,1.000,0.5,0.9,.571,.688,0.1,0.1,1.000,0.5,1.3,1.8,0.4,0.4,0.4,0.4,0.9,1.5,,0,0,56,44,10.2,-1.1,1,1,10,2,4,0,53,1,0,0,0,34,66,18.4,10.5,1,1,5,1,1,0,7,1
BOS,2024,Neemias Queta,24,C,28,0,11.9,2.4,3.7,.644,0.0,0.0,,2.4,3.7,.644,.644,0.7,1.0,.714,1.9,2.5,4.4,0.7,0.5,0.8,0.5,1.8,5.5,,C,3,0,4.3,0.7,1.0,.667,0.0,0.0,,0.7,1.0,.667,.667,0.0,0.0,,0.3,0.7,1.0,0.0,0.0,0.3,0.0,0.0,1.3,,0,0,7,93,19.9,9.4,2,2,34,6,15,1,54,4,0,0,0,0,100,46.3,38.2,0,0,0,0,0,0,0,0
BOS,2024,Oshae Brissett,25,SF,55,1,11.5,1.2,2.8,.444,0.3,1.0,.273,1.0,1.8,.541,.493,0.9,1.5,.602,1.1,1.8,2.9,0.8,0.3,0.1,0.4,1.0,3.7,,SF,10,0,5.5,0.6,1.1,.545,0.2,0.2,1.000,0.4,0.9,.444,.636,0.2,0.4,.500,0.3,1.1,1.4,0.0,0.3,0.2,0.1,0.2,1.6,,0,56,29,1,10.4,-1.0,8,7,29,2,40,0,116,6,0,5,43,50,2,7.6,-1.2,0,0,2,0,2,0,0,0
BOS,2024,Svi Mykhailiuk,26,SF,41,2,10.1,1.4,3.3,.416,1.0,2.6,.389,0.4,0.7,.517,.569,0.1,0.2,.667,0.3,1.0,1.2,0.9,0.3,0.0,0.3,0.5,4.0,,SF,8,0,4.0,0.4,1.5,.250,0.3,1.1,.222,0.1,0.4,.333,.333,0.0,0.0,,0.1,0.5,0.6,0.1,0.1,0.0,0.3,0.4,1.0,,0,50,2,0,16.9,6.3,11,0,15,1,4,4,81,1,0,58,42,0,0,-21.3,-31.0,1,0,1,1,0,0,2,0
BOS,2024,Jordan Walsh,19,SF,9,1,9.2,0.7,1.7,.400,0.2,1.0,.222,0.4,0.7,.667,.467,0.1,0.2,.500,0.6,1.7,2.2,0.6,0.6,0.1,0.3,1.2,1.7,,SF,3,0,3.7,0.3,1.0,.333,0.0,0.3,.000,0.3,0.7,.500,.333,0.0,0.0,,0.0,0.7,0.7,0.0,0.0,0.0,0.0,0.0,0.7,,0,69,12,0,30.2,19.3,0,1,4,1,1,1,13,0,0,0,92,8,0,34.8,26.5,0,0,0,0,0,0,0,0
BOS,2024,Drew Peterson,24,PF,3,0,7.7,1.3,2.0,.667,1.0,1.7,.600,0.3,0.3,1.000,.917,0.0,0.0,,0.0,0.3,0.3,0.3,0.7,0.0,0.3,0.3,3.7,,,,,,,,,,,,,,,,,,,,,,,,,,,,,0,17,72,12,22.1,10.9,0,1,1,0,0,0,2,0,,,,,,,,,,,,,,,
BOS,2024,Jaden Springer,21,SG,17,1,7.6,0.8,1.8,.433,0.1,0.6,.182,0.6,1.1,.579,.467,0.4,0.5,.875,0.5,0.7,1.2,0.5,0.6,0.2,0.5,1.0,2.1,,SG,4,0,5.5,0.5,0.8,.667,0.0,0.0,,0.5,0.8,.667,.667,0.0,0.0,,0.0,0.8,0.8,0.3,0.0,0.3,0.5,0.3,1.0,,6,12,0,0,16.3,5.2,1,4,9,2,3,4,21,0,22,78,0,0,0,12.3,3.7,0,1,0,0,0,0,3,0
BOS,2024,Dalano Banton,24,PG,24,1,7.1,0.8,2.1,.373,0.1,0.7,.125,0.7,1.5,.486,.392,0.7,0.8,.800,0.5,1.0,1.5,0.8,0.2,0.1,0.4,0.8,2.3,,,,,,,,,,,,,,,,,,,,,,,,,,,,,38,8,0,0,4.5,-7.0,6,1,11,3,10,1,46,2,,,,,,,,,,,,,,,
BOS,2024,Lamar Stevens,26,PF,19,1,6.4,1.1,2.4,.467,0.2,0.4,.375,0.9,1.9,.486,.500,0.4,0.6,.727,0.6,1.0,1.6,0.4,0.3,0.3,0.5,0.7,2.8,,,,,,,,,,,,,,,,,,,,,,,,,,,,,0,10,69,22,4.4,-7.0,3,6,7,0,6,0,20,1,,,,,,,,,,,,,,,
BOS,2024,JD Davison,21,SG,8,0,4.9,0.6,1.5,.417,0.4,0.9,.429,0.3,0.6,.400,.542,0.4,0.5,.750,0.3,1.0,1.3,1.3,0.1,0.1,0.3,0.5,2.0,,,,,,,,,,,,,,,,,,,,,,,,,,,,,62,0,0,0,30.6,19.6,2,0,4,0,2,0,23,0,,,,,,,,,,,,,,,
BOS,2024,Team Totals,,,82,82,241.8,43.9,90.2,.487,16.5,42.5,.388,27.4,47.7,.575,.578,16.3,20.2,.807,10.7,35.6,46.3,26.9,6.8,6.6,11.9,16.2,120.6,,,19,19,241.3,39.3,83.8,.469,14.5,40.2,.360,24.8,43.6,.569,.555,15.7,19.3,.812,9.7,33.4,43.1,23.8,6.3,5.4,11.5,15.7,108.8,,20,20,20,20,11.3,-0.5,443,254,677,142,740,95,5490,170,20,20,20,20,20,8.7,0.9,83,57,124,29,156,23,1117,27
ATL,2023,Dejounte Murray,26,SG,74,74,36.4,8.3,17.8,.464,1.8,5.2,.344,6.5,12.6,.514,.514,2.1,2.6,.832,0.7,4.5,5.3,6.1,1.5,0.3,2.2,1.4,20.5,,SG,5,5,38.0,9.2,20.6,.447,2.8,7.4,.378,6.4,13.2,.485,.515,1.8,1.8,1.000,1.8,5.4,7.2,6.8,2.0,0.2,2.0,1.4,23.0,,29,1,0,0,-1.2,-5.0,85,56,53,6,92,6,1042,26,28,72,0,0,0,-9.6,-11.8,4,6,4,0,6,0,77,3
ATL,2023,Trae Young,24,PG,73,73,34.8,8.2,19.0,.429,2.1,6.3,.335,6.1,12.7,.476,.485,7.8,8.8,.886,0.8,2.2,3.0,10.2,1.1,0.1,4.1,1.4,26.2,,PG,6,6,38.3,10.0,24.8,.403,3.0,9.0,.333,7.0,15.8,.442,.463,6.2,7.2,.860,0.8,2.8,3.7,10.2,1.7,0.7,4.0,1.8,29.2,,100,0,0,0,0.8,1.0,233,43,48,13,220,41,1685,43,100,0,0,0,0,-7.9,-11.0,18,5,3,0,13,5,152,4
ATL,2023,De'Andre Hunter,25,SF,67,67,31.7,5.7,12.3,.461,1.5,4.3,.350,4.2,8.0,.521,.522,2.6,3.1,.826,0.7,3.6,4.2,1.4,0.5,0.3,1.2,3.0,15.4,,SF,6,6,37.3,6.5,14.2,.459,2.3,6.3,.368,4.2,7.8,.532,.541,1.3,1.7,.800,1.2,4.5,5.7,1.2,0.7,0.3,1.5,3.3,16.7,,0,74,26,0,-0.2,-1.5,20,33,97,13,99,33,225,20,0,0,68,32,0,-3.5,9.7,4,2,10,1,4,5,18,0
ATL,2023,John Collins,25,PF,71,71,30.0,5.1,10.0,.508,1.0,3.4,.292,4.1,6.6,.619,.557,2.0,2.5,.803,1.1,5.4,6.5,1.2,0.6,1.0,1.1,3.1,13.1,,PF,6,6,27.3,4.3,10.0,.433,1.8,5.3,.344,2.5,4.7,.536,.525,0.8,1.0,.833,1.2,3.2,4.3,0.8,0.3,1.0,1.5,2.2,11.3,,0,0,92,8,-0.3,-1.6,24,28,149,18,90,20,214,21,0,0,0,97,3,-3.3,5.7,1,2,5,5,3,0,11,2
ATL,2023,Bogdan Bogdanović,30,SG,54,9,27.9,5.1,11.3,.447,2.7,6.7,.406,2.4,4.6,.506,.566,1.2,1.4,.831,0.4,2.6,3.1,2.8,0.8,0.3,1.2,1.6,14.0,,SG,6,1,26.2,5.0,9.0,.556,2.5,5.5,.455,2.5,3.5,.714,.694,0.8,1.2,.714,0.3,2.7,3.0,2.5,1.0,0.8,0.5,2.7,13.3,,0,32,0,0,1.8,2.1,39,17,44,2,31,3,343,2,0,88,12,0,0,4.2,21.5,3,0,8,0,3,1,36,1
ATL,2023,Clint Capela,28,C,65,63,26.6,5.4,8.2,.653,0.0,0.0,.000,5.4,8.2,.654,.653,1.2,2.0,.603,4.0,7.1,11.0,0.9,0.7,1.2,0.8,2.1,12.0,,C,6,6,25.2,3.8,6.3,.605,0.0,0.0,,3.8,6.3,.605,.605,0.7,1.0,.667,2.5,5.8,8.3,0.5,1.0,0.5,0.7,0.8,8.3,,0,0,0,100,-0.5,-1.7,17,8,69,15,68,18,137,17,0,0,0,0,100,-8.8,-6.6,2,0,2,2,2,1,7,0
ATL,2023,Saddiq Bey,23,SF,25,7,25.2,4.3,9.2,.470,2.0,5.0,.400,2.3,4.2,.552,.578,1.0,1.2,.862,1.6,3.2,4.8,1.4,0.8,0.0,0.7,1.5,11.6,,SF,6,0,22.2,2.5,6.7,.375,1.2,3.0,.389,1.3,3.7,.364,.463,1.3,1.5,.889,1.2,2.8,4.0,1.0,0.5,0.0,0.3,0.5,7.5,,0,69,24,0,7.4,8.2,5,2,15,3,16,1,77,5,0,10,88,1,0,-12.1,-12.1,2,0,1,0,5,0,16,1
ATL,2023,Onyeka Okongwu,22,C,80,18,23.1,4.0,6.2,.638,0.1,0.2,.308,3.9,6.1,.647,.642,1.9,2.5,.781,2.7,4.5,7.2,1.0,0.7,1.3,1.0,3.1,9.9,,C,6,0,21.8,2.5,4.2,.600,0.2,0.2,1.000,2.3,4.0,.583,.620,0.8,1.7,.500,3.2,3.2,6.3,1.2,0.3,1.3,1.2,3.0,6.0,,0,0,1,100,2.3,3.4,22,16,161,31,92,3,204,22,0,0,0,0,100,-4.7,1.8,1,0,9,5,5,0,18,2
ATL,2023,AJ Griffin,19,SF,72,12,19.5,3.4,7.4,.465,1.4,3.6,.390,2.0,3.8,.536,.560,0.6,0.7,.894,0.5,1.6,2.1,1.0,0.6,0.2,0.6,1.2,8.9,,,,,,,,,,,,,,,,,,,,,,,,,,,,,0,74,11,0,2.9,3.8,17,15,47,1,23,5,174,4,,,,,,,,,,,,,,,
ATL,2023,Jalen Johnson,21,SF,70,6,14.9,2.3,4.6,.491,0.4,1.5,.288,1.8,3.1,.587,.537,0.7,1.1,.628,0.7,3.3,4.0,1.2,0.5,0.5,0.6,1.6,5.6,,SF,6,0,9.3,1.7,4.0,.417,0.7,1.8,.364,1.0,2.2,.462,.500,0.3,0.3,1.000,0.3,2.2,2.5,1.3,0.5,0.0,0.8,0.8,4.3,,0,0,99,1,0.2,-0.3,17,11,65,6,43,4,192,12,0,0,0,100,0,-3.6,2.6,1,1,3,2,1,0,18,0
ATL,2023,Justin Holiday,33,SF,28,0,14.7,1.7,4.5,.384,1.1,3.1,.345,0.6,1.4,.474,.504,0.0,0.0,,0.1,0.8,0.8,0.9,0.2,0.4,0.4,1.3,4.5,,,,,,,,,,,,,,,,,,,,,,,,,,,,,0,70,7,0,-5.9,-7.0,5,3,24,1,0,5,55,0,,,,,,,,,,,,,,,
ATL,2023,Jarrett Culver,23,SF,10,1,13.7,1.7,4.3,.395,0.1,1.2,.083,1.6,3.1,.516,.407,0.9,1.3,.692,1.0,2.8,3.8,0.6,0.6,0.2,0.7,1.4,4.4,,,,,,,,,,,,,,,,,,,,,,,,,,,,,0,37,47,0,-6.3,-7.0,2,2,9,1,7,3,15,1,,,,,,,,,,,,,,,
ATL,2023,Aaron Holiday,26,PG,63,6,13.4,1.5,3.5,.418,0.6,1.4,.409,0.9,2.1,.424,.500,0.4,0.5,.844,0.4,0.8,1.2,1.4,0.6,0.2,0.6,1.3,3.9,,PG,1,0,4.0,0.0,0.0,,0.0,0.0,,0.0,0.0,,,0.0,0.0,,0.0,0.0,0.0,1.0,0.0,0.0,1.0,0.0,0.0,,61,0,0,0,1.9,1.8,20,6,40,3,13,15,214,5,100,0,0,0,0,-17.9,-12.4,1,0,0,0,0,0,3,0
ATL,2023,Trent Forrest,24,SG,23,3,12.0,1.1,2.6,.417,0.0,0.1,.000,1.1,2.5,.431,.417,0.1,0.1,.667,0.2,1.4,1.6,1.7,0.3,0.1,0.7,0.7,2.3,,,,,,,,,,,,,,,,,,,,,,,,,,,,,29,6,0,0,-8.4,-9.5,12,2,12,0,2,1,92,1,,,,,,,,,,,,,,,
ATL,2023,Garrison Mathews,26,SG,9,0,9.3,1.4,3.4,.419,1.1,2.8,.400,0.3,0.7,.500,.581,0.8,0.9,.875,0.1,1.1,1.2,0.3,0.1,0.1,0.1,0.7,4.8,,,,,,,,,,,,,,,,,,,,,,,,,,,,,0,26,8,0,-0.2,-0.7,0,1,1,0,3,3,6,0,,,,,,,,,,,,,,,
ATL,2023,Frank Kaminsky,29,C,26,0,6.8,1.0,1.7,.568,0.4,0.9,.478,0.5,0.8,.667,.693,0.4,0.5,.833,0.1,1.3,1.4,0.8,0.2,0.0,0.3,0.8,2.7,,,,,,,,,,,,,,,,,,,,,,,,,,,,,0,0,0,100,-0.4,-0.9,4,1,17,3,4,0,48,0,,,,,,,,,,,,,,,
ATL,2023,Vit Krejci,22,PG,29,0,5.7,0.5,1.3,.405,0.2,0.7,.238,0.3,0.6,.625,.473,0.0,0.1,.500,0.2,0.7,0.9,0.6,0.2,0.0,0.2,0.6,1.2,,,,,,,,,,,,,,,,,,,,,,,,,,,,,30,2,0,0,-0.6,-1.0,2,1,12,1,1,0,42,0,,,,,,,,,,,,,,,
ATL,2023,Bruno Fernando,24,C,8,0,5.1,1.4,2.4,.579,0.0,0.4,.000,1.4,2.0,.688,.579,0.6,0.8,.833,0.8,1.1,1.9,0.1,0.0,0.4,0.6,0.8,3.4,,,,,,,,,,,,,,,,,,,,,,,,,,,,,0,0,0,100,-3.6,-4.0,2,1,3,2,4,0,3,2,,,,,,,,,,,,,,,
ATL,2023,Tyrese Martin,23,SG,16,0,4.1,0.6,1.4,.391,0.1,0.4,.143,0.5,1.0,.500,.413,0.1,0.1,1.000,0.3,0.4,0.8,0.1,0.1,0.0,0.1,0.1,1.3,,,,,,,,,,,,,,,,,,,,,,,,,,,,,0,72,22,0,0.8,0.4,0,2,1,0,1,0,5,0,,,,,,,,,,,,,,,
ATL,2023,Donovan Williams,21,SG,2,0,2.0,1.0,2.5,.400,0.0,1.0,.000,1.0,1.5,.667,.400,0.0,0.0,,0.0,1.0,1.0,0.0,0.0,0.0,0.0,0.0,2.0,,,,,,,,,,,,,,,,,,,,,,,,,,,,,0,100,0,0,83.3,83.0,0,0,0,0,0,0,0,0,,,,,,,,,,,,,,,
ATL,2023,Team Totals,,,82,82,242.1,44.6,92.4,.483,10.8,30.5,.352,33.9,61.8,.548,.541,18.5,22.6,.818,11.2,33.2,44.4,25.0,7.1,4.9,12.9,18.8,118.4,,,6,6,240.0,44.0,96.3,.457,14.0,37.3,.375,30.0,59.0,.508,.529,13.8,17.0,.814,12.2,31.7,43.8,24.5,7.7,4.8,12.8,16.3,115.8,,20,20,20,20,0.4,-0.3,526,248,867,119,809,161,4773,181,20,20,20,20,20,-5.7,-0.4,37,16,45,15,42,12,356,13
BRK,2022,Kyrie Irving,29,PG,29,29,37.6,10.0,21.2,.469,3.4,8.2,.418,6.5,13.0,.501,.550,4.1,4.4,.915,0.6,3.8,4.4,5.8,1.4,0.6,2.5,2.8,27.4,,PG,4,4,42.5,7.0,15.8,.444,2.0,5.3,.381,5.0,10.5,.476,.508,5.3,5.3,1.000,1.5,3.8,5.3,5.3,1.8,1.3,2.3,3.3,21.3,,99,0,0,0,5.5,5.8,46,23,36,3,53,6,395,19,100,0,0,0,0,-3.4,9.6,5,3,5,0,6,0,50,0
BRK,2022,Kevin Durant,33,PF,55,55,37.2,10.5,20.3,.518,2.1,5.5,.383,8.4,14.8,.568,.570,6.8,7.4,.910,0.5,6.9,7.4,6.4,0.9,0.9,3.5,2.1,29.9,"MVP-10,AS,NBA2",PF,4,4,44.0,8.0,20.8,.386,1.8,5.3,.333,6.3,15.5,.403,.428,8.5,9.5,.895,0.5,5.3,5.8,6.3,1.0,0.3,5.3,3.8,26.3,,0,7,89,4,7.0,11.9,101,63,60,17,139,5,815,28,0,0,0,95,5,-8.2,-52.9,9,9,3,3,10,0,60,1
BRK,2022,James Harden,32,PG,44,44,37.0,6.6,16.0,.414,2.3,7.0,.332,4.3,9.1,.476,.486,6.9,8.0,.869,1.0,7.0,8.0,10.2,1.3,0.7,4.8,2.4,22.5,AS,,,,,,,,,,,,,,,,,,,,,,,,,,,,73,1,0,0,1.6,0.3,131,55,45,13,154,3,1012,39,,,,,,,,,,,,,,,
BRK,2022,Joe Harris,30,SF,14,14,30.2,4.0,8.9,.452,2.9,6.3,.466,1.1,2.6,.417,.617,0.4,0.4,.833,0.4,3.6,4.0,1.0,0.5,0.1,1.1,2.2,11.3,,,,,,,,,,,,,,,,,,,,,,,,,,,,,0,83,10,0,1.8,0.5,7,3,11,4,2,0,33,1,,,,,,,,,,,,,,,
BRK,2022,Seth Curry,31,SG,19,19,29.9,5.5,11.1,.493,3.1,6.5,.468,2.4,4.6,.529,.630,0.9,1.1,.857,0.2,2.4,2.6,2.6,0.9,0.2,1.3,2.5,14.9,,SG,4,4,33.0,5.5,9.8,.564,3.0,5.8,.522,2.5,4.0,.625,.718,0.5,0.8,.667,0.5,2.0,2.5,3.0,0.3,0.8,0.8,3.8,14.5,,6,12,0,0,6.3,5.8,12,4,13,2,4,4,112,2,0,62,36,2,0,-5.2,-1.8,1,1,2,1,1,0,27,1
BRK,2022,Patty Mills,33,SG,81,48,29.0,4.0,9.8,.408,2.8,7.0,.400,1.2,2.8,.429,.551,0.6,0.7,.814,0.2,1.7,1.9,2.3,0.6,0.2,0.9,1.4,11.4,,SG,4,0,18.0,2.3,4.0,.563,1.8,3.3,.538,0.5,0.8,.667,.781,0.0,0.0,,0.0,1.0,1.0,0.0,0.0,0.3,0.3,1.3,6.3,,25,12,0,0,1.4,0.0,46,15,40,6,19,38,414,6,1,67,33,0,0,-0.3,7.0,1,0,1,0,0,1,0,0
BRK,2022,Goran Dragić,35,PG,16,6,25.5,2.8,7.3,.376,0.8,3.1,.245,2.0,4.3,.471,.427,1.1,1.4,.739,0.7,2.5,3.2,4.8,0.9,0.2,2.1,2.3,7.3,,PG,4,0,19.8,4.5,8.0,.563,1.0,3.0,.333,3.5,5.0,.700,.625,0.5,0.5,1.000,1.5,3.0,4.5,1.5,0.8,0.0,1.3,2.8,10.5,,67,0,0,0,2.6,1.4,17,8,13,3,7,8,179,1,26,74,0,0,0,6.8,19.5,2,2,3,1,2,1,14,2
BRK,2022,Bruce Brown,25,SF,72,45,24.6,3.6,7.0,.506,0.5,1.3,.404,3.0,5.7,.529,.543,1.3,1.8,.758,1.4,3.4,4.8,2.1,1.1,0.7,0.8,2.4,9.0,,SF,4,4,34.8,5.3,9.3,.568,1.5,3.5,.429,3.8,5.8,.652,.649,2.0,2.5,.800,1.5,3.3,4.8,2.8,1.3,0.8,2.3,4.0,14.0,,0,65,9,0,0.5,-1.6,26,16,93,9,70,6,364,22,0,2,82,16,0,-7.5,-10.0,5,2,10,2,5,0,28,0
BRK,2022,LaMarcus Aldridge,36,C,47,12,22.3,5.4,9.7,.550,0.3,1.0,.304,5.1,8.8,.578,.566,1.9,2.2,.873,1.6,3.9,5.5,0.9,0.3,1.0,0.9,1.7,12.9,,,,,,,,,,,,,,,,,,,,,,,,,,,,,0,0,0,100,1.5,0.1,12,11,46,12,56,0,110,22,,,,,,,,,,,,,,,
BRK,2022,Andre Drummond,28,C,24,24,22.3,5.0,8.1,.610,0.0,0.0,.000,5.0,8.1,.613,.610,1.8,3.4,.537,3.9,6.4,10.3,1.4,0.9,1.0,1.5,3.0,11.8,,C,4,4,15.0,1.5,2.8,.545,0.0,0.0,,1.5,2.8,.545,.545,0.8,1.3,.600,0.8,2.3,3.0,0.8,1.3,0.8,1.5,3.0,3.8,,0,0,0,100,5.6,4.9,12,7,37,12,38,0,85,14,0,0,0,0,100,-22.6,-26.2,4,1,4,1,3,0,8,1
BRK,2022,Nic Claxton,22,C,47,19,20.7,3.8,5.6,.674,0.0,0.0,,3.8,5.6,.674,.674,1.1,2.0,.581,1.9,3.7,5.6,0.9,0.5,1.1,0.8,2.3,8.7,,C,4,0,24.5,4.8,6.0,.792,0.0,0.0,,4.8,6.0,.792,.792,1.0,5.5,.182,1.8,4.5,6.3,1.5,1.3,2.3,0.5,1.5,10.5,,0,0,7,93,0.7,-0.9,7,12,59,12,48,5,104,15,0,0,0,0,100,1.4,12.3,1,0,2,1,9,1,15,2
BRK,2022,Kessler Edwards,21,SF,48,23,20.6,2.3,5.6,.412,1.0,2.8,.353,1.3,2.7,.473,.502,0.3,0.4,.842,0.9,2.7,3.6,0.6,0.6,0.5,0.9,1.8,5.9,,SF,2,0,3.5,0.0,0.0,,0.0,0.0,,0.0,0.0,,,0.0,0.0,,0.0,0.0,0.0,0.5,0.5,0.0,0.5,1.5,0.0,,0,42,53,2,-1.9,-4.4,19,12,44,2,11,2,80,5,0,0,95,5,0,-39.2,-36.2,0,0,0,0,0,0,2,0
BRK,2022,DeAndre' Bembry,27,SF,48,20,19.8,2.5,4.4,.568,0.3,0.8,.417,2.2,3.7,.599,.603,0.4,0.7,.600,0.8,2.4,3.2,1.3,1.0,0.5,0.6,2.2,5.8,,,,,,,,,,,,,,,,,,,,,,,,,,,,,0,65,20,0,1.6,0.4,17,5,40,5,17,7,142,3,,,,,,,,,,,,,,,
BRK,2022,James Johnson,34,PF,62,10,19.2,2.3,5.0,.469,0.4,1.4,.271,2.0,3.6,.545,.507,0.5,0.9,.527,0.8,2.6,3.5,2.1,0.5,0.5,0.8,2.6,5.5,,,,,,,,,,,,,,,,,,,,,,,,,,,,,0,30,66,4,-0.9,-3.2,27,9,80,8,30,3,318,9,,,,,,,,,,,,,,,
BRK,2022,Cam Thomas,20,SG,67,2,17.6,3.3,7.5,.433,0.7,2.6,.270,2.6,4.9,.520,.480,1.3,1.6,.829,0.2,2.2,2.4,1.2,0.5,0.1,0.8,1.0,8.5,,SG,1,0,0.0,0.0,0.0,,0.0,0.0,,0.0,0.0,,,0.0,0.0,,0.0,0.0,0.0,0.0,0.0,0.0,0.0,0.0,0.0,,1,43,3,0,-6.2,-10.9,23,19,42,6,46,1,177,10,,,,,,,,0,0,0,0,0,0,0,0
BRK,2022,Blake Griffin,32,C,56,24,17.1,2.4,5.6,.425,0.7,2.6,.262,1.7,3.0,.565,.486,1.0,1.4,.724,1.1,3.0,4.1,1.9,0.5,0.3,0.6,1.7,6.4,,C,2,0,12.5,1.0,3.5,.286,1.0,2.5,.400,0.0,1.0,.000,.429,1.0,1.0,1.000,1.0,1.0,2.0,2.0,0.5,0.5,0.5,1.5,4.0,,0,0,16,84,-4.7,-8.0,14,9,45,5,34,37,253,10,0,0,0,1,99,12.5,19.4,1,0,1,0,1,3,10,0
BRK,2022,David Duke Jr.,22,PG,22,7,15.5,1.8,4.9,.361,0.4,1.7,.243,1.4,3.2,.423,.403,0.8,1.0,.810,1.4,1.7,3.0,0.8,0.6,0.3,0.4,1.6,4.7,,,,,,,,,,,,,,,,,,,,,,,,,,,,,61,0,0,0,-1.4,-3.1,4,1,16,1,8,1,39,1,,,,,,,,,,,,,,,
BRK,2022,Langston Galloway,30,SG,4,0,14.5,1.3,3.3,.385,0.5,2.0,.250,0.8,1.3,.600,.462,0.0,0.0,,0.3,1.8,2.0,1.3,0.0,0.0,1.3,1.3,3.0,,,,,,,,,,,,,,,,,,,,,,,,,,,,,4,38,0,0,10.9,9.7,2,1,3,1,0,1,13,0,,,,,,,,,,,,,,,
BRK,2022,Day'Ron Sharpe,20,PF,32,8,12.2,2.7,4.7,.577,0.1,0.2,.286,2.6,4.4,.592,.584,0.8,1.3,.585,2.5,2.5,5.0,0.5,0.3,0.5,0.9,1.9,6.2,,PF,1,0,0.0,0.0,0.0,,0.0,0.0,,0.0,0.0,,,0.0,0.0,,0.0,0.0,0.0,0.0,0.0,0.0,0.0,0.0,0.0,,0,0,11,89,6.4,5.5,10,10,31,4,21,2,41,6,,,,,,,,0,0,0,0,0,0,0,0
BRK,2022,Jevon Carter,26,PG,46,1,12.0,1.3,3.8,.333,0.9,2.8,.331,0.3,1.0,.340,.454,0.2,0.2,.700,0.2,1.3,1.5,1.0,0.3,0.2,0.6,1.0,3.6,,,,,,,,,,,,,,,,,,,,,,,,,,,,,100,0,0,0,-1.0,-2.7,17,4,18,1,2,1,110,0,,,,,,,,,,,,,,,
BRK,2022,Shaquille Harrison,28,SG,2,0,11.5,1.0,3.0,.333,0.0,1.0,.000,1.0,2.0,.500,.333,0.0,0.0,,0.5,1.5,2.0,1.5,0.5,0.5,1.0,1.5,2.0,,,,,,,,,,,,,,,,,,,,,,,,,,,,,0,70,0,0,-10.8,-12.2,2,0,1,0,0,1,8,0,,,,,,,,,,,,,,,
BRK,2022,Paul Millsap,36,C,24,0,11.3,1.3,3.5,.376,0.3,1.1,.222,1.1,2.4,.448,.412,0.5,0.7,.706,1.2,2.5,3.7,1.0,0.2,0.5,0.5,2.0,3.4,,,,,,,,,,,,,,,,,,,,,,,,,,,,,0,0,45,55,0.2,-1.3,3,4,30,2,7,1,56,1,,,,,,,,,,,,,,,
BRK,2022,James Ennis III,31,SF,2,0,7.0,1.0,3.5,.286,0.5,1.0,.500,0.5,2.5,.200,.357,0.0,0.0,,1.0,1.5,2.5,0.0,0.5,0.5,0.0,0.0,2.5,,,,,,,,,,,,,,,,,,,,,,,,,,,,,0,11,89,0,33.0,31.8,0,0,0,0,0,0,0,0,,,,,,,,,,,,,,,
BRK,2022,Wenyen Gabriel,24,PF,1,0,1.0,0.0,0.0,,0.0,0.0,,0.0,0.0,,,0.0,0.0,,0.0,1.0,1.0,0.0,0.0,0.0,0.0,0.0,0.0,,,,,,,,,,,,,,,,,,,,,,,,,,,,,0,0,0,100,100.0,98.7,0,0,0,0,0,0,0,0,,,,,,,,,,,,,,,
BRK,2022,Team Totals,,,82,82,240.9,42.0,88.4,.475,11.5,31.7,.361,30.5,56.7,.538,.540,17.5,21.7,.805,10.3,34.1,44.4,25.3,7.1,5.5,14.1,20.4,112.9,,,4,4,240.0,39.3,78.0,.503,11.5,27.3,.422,27.8,50.8,.547,.577,19.0,25.8,.738,8.5,25.5,34.0,22.3,8.0,6.5,15.3,24.8,109.0,,20,20,20,20,1.4,0.3,555,291,803,128,766,132,4860,214,20,20,20,20,20,-4.6,-7.7,29,18,31,9,37,6,214,7
